EAN;Désignation;Stock;;;;;
9870005404209;UNIDAD CEWE - FOTO TIENDA 10X15;29520;;;;;
8436626171176;VENTILADOR ARTICA AVP45W16B / N;106;;;;;
5908267930168;TARJETA MICRO SD GOODRAM 128GB;56;;;;;
8425490139665;HORNILLO 1F SOGO COC-SS-10233;55;;;;;
8018417537882;MANDO UNIV. 4 EN 1 USB PROG. PC;50;;;;;
9400005769260;SERVICIOS TECNOLOGICOS;47;;;;;
3601029932784;SE CARG. COCHE C/CABLE USB 1.2;44;;;;;
8422521025904;TDT FONESTAR RDT-700HD;39;;;;;
8425490139696;QUITA PELUSAS SS-6620 SOGO;39;;;;;
8425490140524;RADIO BOLSILLO SOGO RAD-SS-8865;38;;;;;
8425490140531;RADIO BOLSILLO SOGO RAD-SS-8870;38;;;;;
9400007050533;RECARGA VODAFONE 15;37;;;;;
8435684363899;VENTILADOR DE PIE SPIRIT BLANCO;35;;;;;
8006540886786;RECAMBIO ORALB EB50 3 FFS CROSS;33;;;;;
8437004078186;KIT BUTANO, REGULADOR DE GAS ;31;;;;;
5412810325405;CABLE COAX. NEDIS 90dB 10M;31;;;;;
8018417515460;LUCE A LAMPADINA, STELLA;31;;;;;
3303170122334;AURICULAR TNB WEBTRACK BLANCO;30;;;;;
8426156017907;ESTUFA GAS GRUNKEL CTHEAT42;29;;;;;
8018417515439;LUCE A LAMPADINA, FARFALLA;29;;;;;
8018417470660;BUNNY LAMP 3 MODES;29;;;;;
8700216018845;ACC. ORALB EB60 6 SENSITIVE (2+;29;;;;;
8436046487277;DESCALCIFICADOR FERSAY 500ML;28;;;;;
740617309928;KINGSTON DATATRAVELER 3.2 128GB;28;;;;;
889698530088;FUNKO POP CAJA PROTECCION X5 UV;28;;;;;
3303170122327;AURICULAR TNB WEBTRACK NEGRO;27;;;;;
8711658530581;BATID. PRINCESS 221222 C/A 1000;27;;;;;
8425490124258;CABLE CARGA TIPO C SOGO 1 M 3A;27;;;;;
8427155905622;MICROONDAS NEVIR NVR-6220M;27;;;;;
3601010115035;°CO+ BATIDORA MANO EXTRAIBLE;27;;;;;
8410171715306;RADIO ELCO PD-715;26;;;;;
193905429240;CARTUCHO HP 305 NEGRO;25;;;;;
8021735195542;ENCAJE CUELLO UNIVERSAL CELLY V;25;;;;;
5908267935781;MEMORIA USB GOODRAM 64GB ORANGE;24;;;;;
193905429219;CARTUCHO HP 305 COLOR;24;;;;;
740617348453;MICROSDXC KINGSTON 128GB CANVAS;24;;;;;
740617348408;MICROSDXC KINGSTON 64GB CANVAS;23;;;;;
8425490140623;RADIO PORTATIL SOGO RAD-SS-8875;23;;;;;
8426156012797;VENTILADOR PIE GRUNKEL FAN-165R;23;;;;;
8018417470653;CANARY LAMP 3 MODES;23;;;;;
5908267935804;MEMORIA USB GOODRAM 128GB ORANG;23;;;;;
8427155905516;MICROONDAS NEVIR NVR-6226M;23;;;;;
3016667292259;BATID. MOULINEX DD655A10 1000W ;22;;;;;
8436587973895;COMBO GAMING KROM KENYA 4 EN 1:;22;;;;;
8436584382225;BASCULA COCINA JATA HBAL 1204;22;;;;;
5908267930175;TARJETA MICRO SD GOODRAM 256GB;22;;;;;
8018417516504;LUCE NEON JOYSTICK;22;;;;;
8700216306041;PACK BEARD BT5450,BRAUN;21;;;;;
5908267935767;MEMORIA USB GOODRAM 32GB ORANGE;21;;;;;
8410071240007;RELOJ INFANTIL PARED ELCO EP-15;21;;;;;
8018417511707;SOPORTE VIVANCO VIV-39501;20;;;;;
8410171267638;ESTACION METEOROLOGICA E67EN BL;20;;;;;
8425490139191;COCI  GAS 4 FUEGOS SOGO COC-SS-;20;;;;;
8436584382256;BASCULA COCINA JATA HBAL7240;20;;;;;
5412810246779;Soporte adhesivo SMARTPHONE;20;;;;;
8018417248733;CABLE SBS MICRO USB - USB 1 M;20;;;;;
5908267930144;TARJETA MICRO SD GOODRAM 32 GB ;20;;;;;
8018417333675;SBS TESKEENSHEET;20;;;;;
8018417411229;CARGADOR SBS DE COCHE TIPO-C 5V;20;;;;;
8018417251436;CARGADOR DE VIAJE SBS TIPO C;20;;;;;
4582563850033;MEMORIA USB 3.2 KIOXIA 64GB ;20;;;;;
8436618554949;ENVASADOR AL VACIO ORYX EEL1669;20;;;;;
8436618555281;CEPILLO ALISADOR ORYX EEL1703;20;;;;;
8410171987307;RADIO ELCO PD-987;20;;;;;
8436586743536;CABLE SUBBLIM GAN 60W USB C 1M;19;;;;;
8018417535062;CARGADOR SBS GAN USB C 65 W;19;;;;;
3601029958500;SE CABLE ANTENA M/M 9.52MM 1.5;19;;;;;
8018417516511;LUCE NEON BAR;19;;;;;
8018417515088;MANDO D. UNIV. VIVANCO TCL;19;;;;;
4210201446392;CEPILLO ORAL B PRO VITALITY ;19;;;;;
8410171267621;ESTACION METEOROLOGICA E67EN NE;19;;;;;
3016661157776;BATID. MOULINEX DD5511 600W PIE;19;;;;;
5706751080869;SMARTWATCH DENVER SWC-156BEMK3;18;;;;;
8018417508684;SOPORTE VIVANCO VIV-37971;18;;;;;
8436618552419;EXPRIMIDOR ORYX EEL1264B 40W;18;;;;;
8435051151654;ELMA ROLLO GOFRADO 20X600 CM (2;18;;;;;
4549526612107;CALCULADORA CASIO FX-82;18;;;;;
8425490124234;CABLE CARGA LIGHTNING SOGO 1M ;18;;;;;
8018417511943;SBS FAST SKIN HYBRID GLASS;18;;;;;
8710103985488;DENTAL PHILIPS HX3651/12 AZUL;18;;;;;
8436618554819;PLANCHA DE PELO ORYX EEL1691;18;;;;;
6925281918933;AURICULAR JBL TUNE 110 BLANCO;18;;;;;
3601010083020;°CO+ EXPRIMIDOR JC3000-GS 0,5L;18;;;;;
8410171287605;RADIO RELOJ PROYECT. ED-87B;18;;;;;
8421078031154;PERFILADOR CN15B JATA;18;;;;;
8018417509186;CABLE HDMI VIVANCO 1.4 ULTRA HD;18;;;;;
751492798066;MEMORIA USB 3.2 PNY 64GB ELITE ;18;;;;;
8435051151579;BOLSAS GOFRADAS 15X25 ELMA;18;;;;;
3016661159121;CAFET PICCOLO KP1A3BCL KRUPS;18;;;;;
4012074052317;RECAMBIO DENTAL ELKA 33.040.000;18;;;;;
8436618555175;PLANCHA DE PELO ORYX EEL1689;17;;;;;
8018417516559;LUCE NEON GIRL VINTAGE;17;;;;;
8018417420306;SBS FAST SKIN SHEET PRIVACY MAT;17;;;;;
8426156018942;MICROONDAS GRUNKEL MW-20MG;17;;;;;
4008928429565;CABLE HDMI VIVANCO 1.4 2.5 M;17;;;;;
5908267930151;TARJETA MICRO SD GOODRAM 64 GB ;17;;;;;
8004399026650;CAFETERA GENIO S EDG226.W DELON;17;;;;;
4210101969274;PLANCHA ROWENTA DW4345D1;17;;;;;
6925281918940;AURICULAR JBL TUNE 110 AZUL;17;;;;;
8018417523649;SOPORTE VIVANCO VIV-33392;17;;;;;
8414234446909;VENTILADOR TAURUS GRECO 16;16;;;;;
8414234242747;EXPRIMIDOR TAURUS PTFSQ4000;16;;;;;
8414234469205;CALE TAURUS TROPICANO UP ALPATE;16;;;;;
8435177802591;REGULADOR GAS COMGAS KIT 0,60M ;16;;;;;
8436585380183;MANDO TV COMP SAMSUNG TMURC310;16;;;;;
8018417155468;CABLE SBS MICRO USB 1M NEGRO;16;;;;;
4549526615689;CALCULADORA CASIO FX-570SPCW ;16;;;;;
8436618555304;SECADOR PLEGABLE ORYX  EEL1125;16;;;;;
8414234681478;GRILL BISTRO GOURMET TAURUS;16;;;;;
8426156018126;VENTILADOR GRUNKEL FAN-165RNG;16;;;;;
8018417506987;RATON VIVANC 3 BOTON 1000 DPI;15;;;;;
199764692214;CARTUCHO TINTA HP 308 COLOR;15;;;;;
8436618554888;BASCULA CUCHARA ORYX EEL1667;15;;;;;
3601010115028;°CO+ CAFETERA 6 TAZAS 550W AUT;15;;;;;
8018417507724;REMOTE CONTROL LG;15;;;;;
8436618554956;ELIMINADOR CALLOS ORYX EEL1674;15;;;;;
8018417503474;CABLE ANTENA VIVANCO 90 DB 3,0;15;;;;;
4963505828042;ISOPARAFINA CLEAR 20 L TOYOTOMI;15;;;;;
8414234242716;EXPRIMIDOR TAURUS CITRUS UP;15;;;;;
6925281927638;AURICULAR JBL TUNE 110 ROJO;15;;;;;
5706751074196;SMARTWATCH DENVER SWC-156RO;15;;;;;
8435719615535;TDT UNICO DB1553 DVB-T2;14;;;;;
8018417511875;SOPORTE TV  VIVANCO VVTVTILT554;14;;;;;
5055371623452;OTL HEADPHONES MARIO KART BLUE;14;;;;;
5412810324507;CABLE JACK 3.5-3-5 1M;14;;;;;
8400250063633;INKIO - HP 304 XL BLACK;14;;;;;
8414234189790;PLANCHA ATLANTIDA 3000 TAURUS;14;;;;;
8421078038900;TOST. JATA JETT1262 2R CORTO 81;14;;;;;
8421078026532;PLANCHA DE ASAR M  GR555A JATA;14;;;;;
8427155903802;BOX FAN NEVIR NVR-BF30-O;14;;;;;
8400251793591;CARTUCHO INKIO-HP 305 XL COLOR;14;;;;;
8436046489394;SOPORTE TV FERSAY SOP2342 23-42;14;;;;;
8436046489318;SOPORTE TV FERSAY SOP32NW 13-27;14;;;;;
3601029916500;SE CORTADORA VELLO NARIZ/OREJA;14;;;;;
8435684356167;CLIMATIZADOR EVAP. REMOLINO;14;;;;;
193905429301;CARTUCHO HP 305XL COLOR;14;;;;;
8436046489721;SOPORTE TV FERSAY SOP-2342-50K;13;;;;;
8436618551481;BASCULA DE COCINA ORYX EEL0002;13;;;;;
8018417486784;AURICULARES SBS BAZZY BLANCO;13;;;;;
8018417486807;AURICULARES SBS BAZZY NEGRO;13;;;;;
8414234164940;BATIDORA TAURUS HB2300 X S/A;13;;;;;
4549526615665;CALCULADORA CASIO FX-82SPCW;13;;;;;
8435051152002;ROLLO BOLSA ELMA  20X600 CM;13;;;;;
8436618551986;HERVIDOR DE AGUA  ORYX EEL1302A;13;;;;;
4549292031478;CALCULADORA CANON  LS-100K ;13;;;;;
3601029952201;SE HERVIDOR INOX 1,7LWK8330LL;13;;;;;
3601029907911;SE PAQUETE 20 TOALLITAS LIMPIE;13;;;;;
8425490139177;NARIZ -OREJAS SOGO CPE-SS-3490;13;;;;;
8720689019033;AFEITADORA PHILIPS X3003/00, RE;13;;;;;
8006540804087;REC ORALB EB10 4 FFS FROZEN II;13;;;;;
8435051151814;ELMA BOLSAS GOFRADAS 15X30 CM (;13;;;;;
3601010115011;°CO+ PICADORA 0,5L VASO PLASTI;13;;;;;
6940056181848;RATON RAPOO M100 BT ROJO;12;;;;;
8410171969709;RADIO ELCO  PD 969 TDA;12;;;;;
8414234306494;CALEFACTOR TAURUS PR-2 SLIM;12;;;;;
889698596176;FUNKO MYSTERY MINI MICKEY AND F;12;;;;;
5412810281008;ADAP. NEDIS JACK 3,5 M - 2X3,5;12;;;;;
4047443443656;CABLE IMPRESORA HAMA USB A/B1.5;12;;;;;
8436618550217;COCINA ELÉCTRICA PORTATIL ORYX;12;;;;;
8436618550750;CORTAPELOS ORYX EEL0175;12;;;;;
8436618551863;CAFETERA DE GOTEO 6 TAZ. ORYX;12;;;;;
8436585380176;MANDO TV COMPATIBLE LG TMURC300;12;;;;;
8410171243304;RELOJ ANALOGICO ELCO EA-43;12;;;;;
8021098773012;EXPRIMIDOR BRAUN MPZ22/CJ3050;12;;;;;
8410171133209;RADIO RELOJ ELCO PD-133;12;;;;;
8018417459276;ALTAVOZ SBS JAT WITCHER 3 3W RE;12;;;;;
8717496331823;BOLIGRAFO  DETECTOR BILLETES;12;;;;;
8436618551245;QUITAPELUSAS ORYX EEL1230;12;;;;;
8018417327964;AURICULAR SBS HERO TWS X-BEAT N;12;;;;;
8018417501692;CABLE CARGA SBS USB A - C 1 M;12;;;;;
8018417468117;CABLE CARGA MAGNETICO SBS 1 M;12;;;;;
8436618554802;AFEITADORA CORPORTA ORYX EEL166;12;;;;;
8410171153368;BASCULA ELCO PDB-1533C;12;;;;;
8018417237393;CARG. VIAJE SBS 2XUSB 2100 MHA;12;;;;;
8006023337064;MELICONI ECO STOP OLOR REFRIGER;12;;;;;
8006023333455;MELICONI ECO SPRAY PURE AIR;12;;;;;
8435684337852;VENTILADOR DE PIE ICONO NEGRO;12;;;;;
8414234488916;ASPI. ESCOBA TAURUS IDEAL AVANT;12;;;;;
8421078037521;ESPATULA JATA JACC0550;12;;;;;
4548736066472;AURICULARES SONY MDREX155APR;12;;;;;
199764692269;CARTUCHO TINTA HP 308 NEGRO;12;;;;;
198701680079;MULTIFUNCION HP DESKJET 2920 NG;12;;;;;
8436618555113;MOLINILLO DE CAFÉ ORYX EEL1661;11;;;;;
6976454832020;TELEVISION HAIER H32S80EFX QLED;11;;;;;
8436626171688;LVD. ARTICA AQUALINE7A ARTICA;11;;;;;
8425490134578;BOLSA ENVASADO SOGO 20X25CM;11;;;;;
8410171988502;RADIO ELCO PD988D;11;;;;;
8410171049333;VENTILADOR DE TECHO ELCO PV-49C;11;;;;;
8006023274161;MELICONI SOPORTE ANTIVIBRACION ;11;;;;;
8018417247309;CABLE SBS TIPO C 0,5 M ESPIRAL ;11;;;;;
740617348507;MICROSDXC KINGSTON 256GB CANVAS;11;;;;;
8436618555137;EXPRIMIDOR ORYX EEL1686;11;;;;;
8018417465734;AURICULAR SBS JACK PRISM ROSA;11;;;;;
8436618550224;COCINA ELÉCTRICA  ORYX EEL0037;11;;;;;
8018417516412;LUCE NEON CUORE;11;;;;;
8421078031840;LIMADOR DE DUREZAS LD85B;11;;;;;
8421078030942;QUITAPELUSAS JATA  QP620;11;;;;;
3601029906860;SE MAQUINA CORTE PELO G-9802B;11;;;;;
8710103974123;PLANCHA PELO PHILIPS BSH510/00;11;;;;;
8006540805374;ACC. ORALB EB10 4 FFS SPIDERMAN;11;;;;;
8018417499975;CABLE USB-A A USB-C TIPO-C 1 MT;11;;;;;
8018417248757;CABLE SBS CARGA Y DATOS TIP C;11;;;;;
8414234474285;CALEFACTOR TAURUS TROPICANO P;11;;;;;
8434847023656;COOL CABLE USB-C A JACK3.5MM;11;;;;;
889698147224;FUNKO MYSTERY MINI HARRY POTTER;11;;;;;
8006023326792;MELICONI ECO 2 EN 1 LAVAVAJILLA;11;;;;;
6941849639478;AIRFRYER PAPEL REDONDO 26CM PAC;11;;;;;
8414234124807;BATID VASO TAURUS OPTIMA VINTAG;11;;;;;
9400005783020;AMAZON RECARGA 20 EUROS;11;;;;;
8410171201434;RELOJ ANALOGICO ELCO EA-14 C;11;;;;;
5706751070600;SMARTWATCH DENVER SWC-156MK3;11;;;;;
8414234446916;VENTILADOR TAURUS GRECO 16 ELE;11;;;;;
8018417508769;SOPORTE VIVANCO VIV-37977;11;;;;;
8544992787959;ACON.PORT ARTICA AAP07EWF WIFI ;11;;;;;
8414234446886;VENTILADOR TAURUS GRECO 16CR;10;;;;;
4210201427063;DENTAL ORALB VITALITY PRO BLACK;10;;;;;
8410171106708;AURICULAR BLUETOOTH ELCO PD1067;10;;;;;
5412810295494;CABLE DE ALTAVOZ 3M;10;;;;;
9400005783280;AMAZON RECARGA 100 EUROS;10;;;;;
8414234003928;SECADOR TAURUS DIGITAL FORCE 20;10;;;;;
8018417444609;CARGADOR PARED SBS 20 W TIPO C;10;;;;;
761318053057;SECADOR REVLON RVDR5305E 1200W ;10;;;;;
8427155023982;TELEVISOR NEVIR NVR-Q8480-55WBA;10;;;;;
8400250029936;INKIO- EPSON 16 XL BLACK;10;;;;;
8400250029950;INKIO- EPSON 16 XL CYAN;10;;;;;
8400250029974;INKIO- EPSON 16 XL MAGENTA;10;;;;;
8400250029998;INKIO- EPSON 16 XL YELLOW;10;;;;;
3601029917408;SE RECARGAS LIMA ELECTRICA PIE;10;;;;;
8435051151500;ELMA ROLLO GOFRADO 15X600 CM (2;10;;;;;
8544992234446;TERMOVENTILADOR ARTICA ACT4010 ;10;;;;;
4008928333923;SOPORTE VIVANCO WM 3215;10;;;;;
8421078032649;PLANCHA ASAR JATA GR 558;10;;;;;
8433766186480;PLANCHA SOLAC OPTI PERFE PV2014;10;;;;;
6941812736722;SECADOR XIAOMI H101 IONIC;10;;;;;
8018417328015;AURICULAR SBS HERO TWS X-BEAT A;10;;;;;
8018417441233;SBS FAST SKIN SHEET CLEAR TABLE;10;;;;;
8018417456909;ALTAVOZ SBS JAT WITCHER 3 3W BL;10;;;;;
8425490137814;EXPRIMIDOR SOGO EXP-SS-5223;10;;;;;
3601029947801;SE TOSTADOR INOX 2RANURAS 800W;10;;;;;
8434847049601;CABLE JACK 3,5 MM CELESTE;10;;;;;
8436046489059;MANDO FERSAY COMPATIBLE SONY;10;;;;;
8425490134585;BOLSA VACIO SOGO 22X30 BR-2230;10;;;;;
8400251793577;CARTUCHO INKIO- HP 305 XL BLACK;10;;;;;
8425490137722;PLANCHA VIAJE SOGO PLA-SS-6175;10;;;;;
8425490137746;AFILADOR SOGO ACU-SS-13505;10;;;;;
8018417517686;LUCE A FORMA DI UNICORNO A 3 IN;10;;;;;
5038061110821;PLANCHA PELO REMINGTON S3505GP;10;;;;;
4008496975686;RIZADOR PELO REMINGTON CI86X5;10;;;;;
3601029906853;SE CORTADORA VELLO NARIZ/OREJA;10;;;;;
8018417525421;TARGET NEON LIGHT WALL;10;;;;;
8018417504433;CABLE ANT. AC VIVANCO 90 DB 1,5;10;;;;;
8544992234330;TERMOVENTILADOR ARTICA ACO2200;10;;;;;
8544992753121;BRASERO ARTICA EB905C 450-900W;10;;;;;
8436587970665;RATON KROM KEOS RGB 6400;10;;;;;
8018417504440;CABLE ANTENA VIVANCO ACOD 1,5 B;10;;;;;
8018417504464;CABLE ANTENA VIVANCO ACOD 3M BL;10;;;;;
8018417504457;CABLE ANTENA VIVANCO ACOD 3M NG;10;;;;;
8018417438158;CARG. PARED SBS 30 W TIPO C;10;;;;;
8006023333479;MELICONI ECO CLEAN SUPERFICIES;10;;;;;
8006023340323;MELICONI ECO SPRAY INDUC Y VITR;10;;;;;
8436586741983;RATON SUBBLIM WIRELE SPACE GREY;10;;;;;
8436586741976;RATON SUBBLIM WIRELE SPACE SILV;10;;;;;
8436586743024;RAT. SUBBLIM COMFORT ERGO WHITE;10;;;;;
8018417498640;KIT CABLE+ CARGADOR SBS 10 W;10;;;;;
8018417332913;CABLE CARGA/DATOS SBS T C 1,5 M;10;;;;;
3303170123218;TRANSMISOR FM TNB WAY WFMCT01;10;;;;;
8436586741785;FUNDA SUBBLIM URBAN LAPTOP PINK;10;;;;;
8433766680421;GRILL SOLAC GR5301 BUONA PIADIN;10;;;;;
8436589072053;TERMOVENTILADOR WAKAMA 4020W;10;;;;;
3016667291818;BATID. MOULINEX DD6738 1000W 20;10;;;;;
8021735195603;PULSERA UNIVERSAL VERDE CELLY;10;;;;;
5412810289493;CABLE COAX. NEDIS 90dB 5.0 M B;10;;;;;
5412810281879;CABLE COA. NEDIS 90dB 5.0M AC B;10;;;;;
8421078033240;BATIDORA JATA BT126;10;;;;;
8806096768471;TELEVISION LG 43NU8E0B3LA;10;;;;;
8018417439711;CABLE SBS TRENZADO 1,5 M BLANCO;10;;;;;
8018417439704;CABLE SBS TRENZADO USB C 1.5 M ;10;;;;;
8018417258831;CARGADOR + CABLE SBS 2XUSB;10;;;;;
3121040094587;CALEFACTOR ROWENTA SO9360 CERAM;10;;;;;
8414234472786;CONVECTOR TAURUS CLIMA BOOST 2;10;;;;;
4242005135967;EXPRIMIDOR BOSCH MCP3000N;10;;;;;
8018417515927;RATON VIVANCO ERGON. INA. BLANC;10;;;;;
8011000017488;TELEFONO SENIOR TREVI SICURO 10;10;;;;;
8011000023700;TELEFONO TREVI ANTISHOCK 70;9;;;;;
8018417515903;RATON VIVANCO ERGON. INA. NEGR;9;;;;;
4242005400454;TOSTADOR BOSCH TAT2M121;9;;;;;
198828789723;MULTIFUNCION HP DESKJET 4310;9;;;;;
8436626171770;FRIGORIFICO ARTICA CICLOUP143EB;9;;;;;
8018417535055;CARGADOR SBS GAN USB C 65 W BLA;9;;;;;
8021098770578;BAT VARILLA BRAUN MULTI QUICK 3;9;;;;;
4905524937954;AURICULAR SOMDR-ZX110A BLANCO;9;;;;;
8436586743574;CABLE SUBBLIM GAN 100W USB C 1M;9;;;;;
8436586743512;CARGADOR SUBBLIM GAN 100W USB C;9;;;;;
8435684365671;VENT. SOBREMESA FUNCHAL GRIS;9;;;;;
8018417434679;CABLE CARGA/DATOS SBS T C 2,0 M;9;;;;;
8414234730022;FREIDORA TAURUS AIR FRY DUO SLI;9;;;;;
8018417486821;AURICULARES SBS BAZZY ROSA;9;;;;;
8432406480070;ASPIRDAOR B&D BXVML701;9;;;;;
8006023339969;MELICONI BASES ANTIVIBRACION 4P;9;;;;;
4007249565259;CABLE AUDIO JACK 3.5MM 1.5M HQ;9;;;;;
8436586743215;PACK ERGO MEMORYFLEX SUBBLIM;9;;;;;
8018417439377;CARG. PARED SBS 25 W TIPO C;9;;;;;
8018417262173;POWERBANK SBS 5000 MAH WHITE;9;;;;;
77511997037;TOALLITAS LIMPIADORAS PANTALLA;9;;;;;
8018417310782;AURICULAR SBS TUNE SILKY AZUL;9;;;;;
8018417310799;AURICULAR SBS TUNE SILKY ROSA;9;;;;;
8018417327971;AURICULAR SBS HERO TWS X-BEAT B;9;;;;;
8018417500138;AURICULAR SBS JAZ ORION BLANCO;9;;;;;
8018417516498;LUCE NEON LOVE;9;;;;;
8436618555526;BASCULA DE BAÑO ORYX EEL1885;9;;;;;
8018417305535;AURICULAR SBS TUNE SILKY NEGRO;9;;;;;
4547410370003;FUJI INSTAX SQ6 RECAMBIO X2 20;9;;;;;
4008496537365;PILA VARTA CR2 LITIO 1 BLISTER;9;;;;;
8421078039112;MOLINILLO JATA JEML1150;9;;;;;
8018417310775;AURICULAR SBS TUNE SILKY BLANCO;9;;;;;
5908267920596;MEMORIA USB GOODRAM 64GB UPO3 S;9;;;;;
3601028508003;SE BASCULA PERSONA EB1908-7;9;;;;;
8433766920077;QUITAPELUSAS SOLAC Q609;9;;;;;
8410171184539;RADIO RELOJ ELCO PD-184P BLANCO;9;;;;;
3303170106846;RATON TNB SUNSET RED USB C;9;;;;;
8018417411236;CARGADOR SBS DE PARED PD 20W;9;;;;;
8544992571541;ACON.PORT ARTICA AAP0729SM PORT;9;;;;;
8434847034317;CABLE JACK 3,5 MM PLATEADO;9;;;;;
8018417500190;ALTAVOZ SBS MAG SPEAKER 3 W BLA;9;;;;;
8018417419850;ALTAVOZ SBS SPEAKER WIZARD BLUE;9;;;;;
8018417402272;ALTAVOZ SBS SPEAKER WIZARD BLAC;9;;;;;
8433766160619;BATIDORA SOLAC BA5615  PRO1201;9;;;;;
8710103924005;NARIZ+CEJAS  PHILIPS NT3650/16;9;;;;;
8018417281037;SBS STANDARD SHEET;9;;;;;
5901969444834;RATON GAMING GENESIS ZIRCON 660;9;;;;;
3700460203542;RADIO DESPERTADR MUSE M-178 PW;9;;;;;
8410171985211;RADIO ELCO PD 985;9;;;;;
6926474623436;CARTUCHO INKIO EPSON 1281 BLACK;9;;;;;
8435376388360;BOLIGRAFO VARITA SURTIDO POTTER;9;;;;;
8006540730898;CEPILLO ORAL B  IO 3 MATT BLACK;9;;;;;
889698624015;FUNKO MYSTERY MINI STRANGER THI;9;;;;;
8011000021720;RELOJ PARED TREVI OM3508 S AZUL;9;;;;;
8720689018821;AFEITA. PHILIPS S1142/00 RECARG;9;;;;;
8425490124463;CARGADOR RAPIDO SOGO TIPO C 25W;9;;;;;
8425490124470;CARGADOR SUPER RAPIDO SOGO 30W;9;;;;;
3303170114315;CABLE WAY JACK TO LIGHTNING;9;;;;;
6932554471927;XIAOMI REDMI BUDS 8 LITE BLUE;9;;;;;
8018417508677;SOPORTE VIVANCO VIV-37973;9;;;;;
8711658524030;MOLDEADOR PRINCESS 529207;9;;;;;
8437026365004;ARROCERA ELECTRICA ORYX RC8005;9;;;;;
4007249519610;ALFOMBRILLA HAMA 21,3X29,7 NEGR;9;;;;;
3701625904502;MANDO PS4 WIRELESS CONTROLLER;9;;;;;
9400007001382;EMPALMADOR FERSAY 03AG021;9;;;;;
8006023326778;MELICONI ECO 2 EN 1 LAVADORAS;9;;;;;
8018417399862;CARGADOR  VIAJE SBS 2XUSB 20 W;9;;;;;
8414234003959;CEPILLO MODEL AIR TAURUS;9;;;;;
8400250063664;INKIO - HP 304 XL COLOR;9;;;;;
8427155905493;HORNO NEVIR NVR-9854HCL-48L;9;;;;;
5412810425914;CABLE COAXIAL M/H 1.5M 120 DB;9;;;;;
8414234206527;CAFETERA TAURUS MOKAKABARI CREA;9;;;;;
4007249533982;LECTOR DNI HAMA 4.0 + ADAP USBC;9;;;;;
4047443434517;TECLADO HAMA KC-200 USB;8;;;;;
3045380026377;GRILL TEFAL GC270D10 INOX 1000W;8;;;;;
8435484032643;RACLETTE CHEESE&GILL 3200 POCKE;8;;;;;
6944762701178;TFNO QUBO X-10BL;8;;;;;
5412810265732;CONECTOR COAXIAL H-M;8;;;;;
5412810425969;CABLE COAX. NEDIS 90dB 1.5 M NE;8;;;;;
5601988398865;TENSIOMETRO BECKEN 4541W;8;;;;;
8018417508707;SOPORTE TV  VIVANCO WTCFMOR4325;8;;;;;
8400250035128;CARTUCHO INKIO EPSON E2712;8;;;;;
8720689044950;AFEITA. CORPORAL PHILIPS MG7941;8;;;;;
8425490131799;TOSTADOR VERTIACL SOGO SS-5360;8;;;;;
8425490137791;IRRIGADOR SOGO IDB-SS-12360;8;;;;;
5038061134308;PLANCHA PELO REMINGTON S6308 EC;8;;;;;
8436618551580;SANDWICHERA ORYX DOBLEEEL1221;8;;;;;
8436618553324;BASCULA DE BAÑO ORYX EEL1501;8;;;;;
8436618551825;PLANCHA DE VAPOR ORYX EEL1269A;8;;;;;
8421078035688;SECADOR JATA SC43B 2000W. DISEÑ;8;;;;;
8410171096504;LAMPARA DESPERTADOR ED-96P;8;;;;;
8436618554895;TARTERA ELECTRICA ORYX EEL1692;8;;;;;
3603313166233;SE CASCO TV INALAMB. (JACK);8;;;;;
5412810266951;PILA CR2016 NEDIS  BALCR20165BL;8;;;;;
4260557512340;"DISCO DURO EXTERNO 2,5"" 1 TB";8;;;;;
5412810267026;PILA BOTON BALCR16325B NEDIS;8;;;;;
8433766720370;FREIDORA SOLAC LEVITER 7 PLUS;8;;;;;
8004399028791;CAFET PICCOLO EDG210.R DELONGHI;8;;;;;
8011000021706;RELOJ PARED TREVI OM3508 S ROSA;8;;;;;
889698545198;FUNKO MYSTERY MINI MANDALORIAN;8;;;;;
8018417457920;CARGADOR DOBLE PARED 65W;8;;;;;
8004399026667;CAFETERA GENIO S EDG226.A DELON;8;;;;;
5412810258390;Conector de Alimentación Macho;8;;;;;
8436585380213;MANDO TV COMP PHILLIPS TMURC340;8;;;;;
4242005171699;BATIDORA BOSCH MS6CB6110;8;;;;;
3601029906921;SE SECADOR DE PELO DE VIAJE 20;8;;;;;
6926474623450;IBERJET - EPSON 1283 MAGENTA;8;;;;;
6926474623009;IBERJET - EPSON 711 BLACK;8;;;;;
6944762701581;TELEFONO QUBO NEONW 4G BLACK;8;;;;;
8018417465673;ALTAVOZ SBS IBIZA 5 W;8;;;;;
8018417465697;ALTAVOZ SBS DOME 2.0 BLACK;8;;;;;
8710103897835;CORTAPELOS PHILIPS HC5612/15;8;;;;;
8018417499630;FUNDA SBS DELGADA IPHONE 16E;8;;;;;
8018417411243;CABLE TIPO-C / TIPO-C, 1 MT;8;;;;;
3601029926318;SE FONDUE ACERO INOX 8 PERS.;8;;;;;
3046627719656;CABLE NEDIS USB C - RED;8;;;;;
3601029952720;SE PICADORA 1L 500W VASOVIDRIO;8;;;;;
3601029907928;SE 80 TOALLITAS LIMPIADORAS;8;;;;;
8018417498183;FUNDA SBS INSTINCT GALAXY 25 U;8;;;;;
8018417300370;CARGADOR SBS DE COCHE 2 USB 2,1;8;;;;;
4008928440133;ADAP. ANTENA VIVANCO 44013;8;;;;;
3601029902671;SE TOSTADORA NEGRO 1 Ran Larga;8;;;;;
8018417407444;AURICULAR SBS NUBOX AZUL;8;;;;;
8018417474958;AURICULAR SBS TWS KOMBO AZUL;8;;;;;
8427155904878;VENTILADOR SUELO NEVIR NVR-VS30;8;;;;;
8400250057014;INKIO - HP 302 XL COLOR;8;;;;;
195161166969;PACK HP 305 NEGRO + COLOR;8;;;;;
8018417516535;LUCE NEON ROCK ON;8;;;;;
8018417465710;AURICULAR SBS JACK PRISM BLANCO;8;;;;;
8018417515095;MANDO D. UNIV. VIVANCO HISENSE;8;;;;;
8018417465765;AURICULAR SBS USB C TUBB AZUL;8;;;;;
8436046489554;SOPORTE TV FERSAY led 23-70;8;;;;;
199764139733;HP COMBO 302/304 BK-TRICOLOR;8;;;;;
8436586743017;RAT. SUBBLIM COMFORT ERGO BLACK;8;;;;;
8018417464829;POWERBANK SBS MAGSAFE 5000 MAH ;8;;;;;
8018417444616;CARG. PARED SBS 20 W TIPO C;8;;;;;
8720689018548;AFEITA. PHILIPS S3143/02 W&DRY ;8;;;;;
45496312374;SWITCH2 MARIO KART WORLD;8;;;;;
8425490139672;COCINA SOGO 3 FUEGOS SS-10237;8;;;;;
4007249958785;HAMA LIMPIA CRISTALES + GAMUZA;8;;;;;
8006023337118;MELICONI ECO PERF LINO FRESH WO;8;;;;;
8021735195535;ENCAJE CUELLO UNIVERSAL CELLY R;8;;;;;
4895229150744;RADIO DESP. PHILIPS TAR3305/12;8;;;;;
8018417237065;CARG. VIAJE SBS USB 10 W;8;;;;;
8018417444623;CARGADOR PARED SBS 20 W TIPOC R;8;;;;;
8435684337845;VENTILADOR DE PIE ICONO BLANCO;8;;;;;
8716309110167;BASE REFRIGERADORA GEMBIRD PORT;8;;;;;
198828789549;MULTIFUNCION HP DESKJET 2910;8;;;;;
8414234187871;PLANCHA TAURUS GEYSER ECO ASY;8;;;;;
6944762701222;RADIO PORTATIL QUBO RD-10;8;;;;;
8425490139535;BALANZA SOGO BAC-SS-2930;8;;;;;
5412810281862;CABLE COA. NEDIS 90dB 3.0M AC B;8;;;;;
5412810286966;MICROFONO NEDIS MICDU100BK;8;;;;;
5412810281831;CABLE COAX. NEDIS 90dB 5.0 M N;8;;;;;
5412810265275;CABLE COA NEDIS 100dB 5.0M AC B;8;;;;;
8425490133823;HERVIDOR SOGO KET-SS-5740;8;;;;;
889698558167;FUNKO MYSTERY MINI LILO Y STICH;8;;;;;
8436574707953;LECTOR DE DNI Y TARJETAS AISENS;8;;;;;
8426156018140;VENTILADOR TORRE GRUNKEL TF-324;8;;;;;
8436586742621;COMBO SUBBLIM DUAL PRESTIGE;8;;;;;
5901292528577;TELEVISION TCL 55T69C QLED;7;;;;;
4007249565761;CABLE VIDEO HDMI HSE 1,5 M HQ;7;;;;;
5412810265268;CABLE COA NEDIS 100dB 2.0M AC B;7;;;;;
3527570062896;RATON GAMING MILLENIUM ADVANCE;7;;;;;
5412810281886;CABLE COA. NEDIS 90dB 10M AC B;7;;;;;
196802846745;TABLET LENOVO M9 HELIO G80 4/64;7;;;;;
4718006453596;MEMORIA USB 3.1 HP 3x64GB X755W;7;;;;;
4895229151192;RADIO PORTATIL PHILIPS TAR1609;7;;;;;
8436586741501;FUNDA SUBBLIM URBAN LAPTOP GREY;7;;;;;
8018417504259;CABLE ANTENA VIVANCO 1,5M 100DB;7;;;;;
8018417504372;CABLE ANTENA VIVANCO 5M 100DB;7;;;;;
8018417215773;CABLE DATOS SBS USB A - C 1,5 M;7;;;;;
8018417237249;CARG. COCHE SBS 2 SALIDAS USB;7;;;;;
8018417237300;CARG. COCHE SBS 1 TIPO C 1 USB;7;;;;;
8018417457654;CABLE CARGA SBS USB A - C 1 M;7;;;;;
8006023337132;MELICONI ECO PERF LINO FRESH MU;7;;;;;
8006023337156;MELICONI ECO PERF LINO FRESH CL;7;;;;;
4047443358905;TECLADO+RATON HAMA CORTINO;7;;;;;
4047443434807;ADAPTADOR AUDIO JACK H - 2RCA M;7;;;;;
8018417406805;POWERBANK SBS MAGSAFE 5000 MAH ;7;;;;;
8018417293931;POWERBANK SBS 10000 MAH + CABLE;7;;;;;
8436586743444;COMBO SUBBLIM OFFICE PROWAVE BL;7;;;;;
8006023278466;MELICONI SOS TUBO ANTICAL;7;;;;;
8436587970672;AURICULAR KROM KAPPA 3.5 X2+USB;7;;;;;
8436046480537;SOPORTE TV FERSAY SOP10N 25-74;7;;;;;
4008928379716;SOPORTE TV VIVANCO BFI 6040;7;;;;;
8421078034087;CORTAPELOS 7 EN 1 JATA PS33 B;7;;;;;
8410171500216;BASCULA  COCINA PDB 500 ELCO;7;;;;;
8700216612418;DENTAL ORALB IO2 DUO ORAL-B;7;;;;;
3601029906938;SE SECADOR PELO 2000W;7;;;;;
4242005108770;MOLINILLO BOSCH TSM6A011W;7;;;;;
4960999974514;CANON CL-546 XL;7;;;;;
8018417300363;CARGADOR SBS DE VIAJE 2 USB 2,1;7;;;;;
8434847034324;CABLE JACK 3,5 MM NEGRO;7;;;;;
8004399334540;CAF DELO GENPLUS ROJA EDG315.R;7;;;;;
8018417500183;ALTAVOZ SBS MAG SPEAKER 3 W NEG;7;;;;;
8436626170971;CALEF. CER ARTICA ATVCER1500B B;7;;;;;
8436626170988;CALEF. CER ARTICA ATVCER1500B N;7;;;;;
4242005076338;ASPIRADOR SIN BOLSA BOSCH BGC05;7;;;;;
4008496938698;RIZADOR REMIGTON CI5318;7;;;;;
6926474623030;INKIO - EPSON 714 AMARILLO;7;;;;;
888793802977;CARTUCHO HP 302 TRICOLOR ORIGI;7;;;;;
6926474623443;IBERJET - EPSON 1282 CYAN;7;;;;;
889698320986;FUNKO ESDLA LLAVERO SURTIDO;7;;;;;
8427561018206;CONVECTOR FM RC1102 2000W;7;;;;;
8414234739582;FREIDORA TAURUS PROFESIONAL 2 P;7;;;;;
8433766680407;SANDWICHERA SOLAC BUON PANINI I;7;;;;;
8425490132406;TOSTADOR SOGO TOS-SS-5317;7;;;;;
889698704915;FUNKO POP THE WASP;7;;;;;
8432322514095;SECADOR ROWENTA+MASAJE CV6602;7;;;;;
8006540773178;ORAL-B CEPILLO PRO-KIDS FROZEN;7;;;;;
6932554471880;XIAOMI REDMI BUDS 8 LITE WHITE;7;;;;;
5706751083877;ALTAVOZ DENVER BTL-330B;7;;;;;
8021098001900;PLANCHA BRAUN FI3124PU 2400W 17;7;;;;;
3303170112151;RELOJ DESPERTADOR TNB MADERA;7;;;;;
4008928481280;CABLE ANTENA VIVANCO 3,0M BL ;7;;;;;
8006023326815;MELICONI ECO 2 EN 1 CAFETERA,..;7;;;;;
8700216456968;ACC. ORALB IO GENTLE CARE NEGRO;7;;;;;
8400250056994;INKIO - HP 302 XL BLACK;7;;;;;
8400250018145;IBERJET - HP 364 XL MAGENTA;7;;;;;
190780475898;HP 302 NEGRO/TRICOLOR;7;;;;;
8711658524092;GRILL PRINCESS 112418 1800W 27;7;;;;;
5412810425723;CABLE COAX. NEDIS 90dB 1.5 M;7;;;;;
4008496789290;PLANCHA PELO SILK REMINGTON ;7;;;;;
3030050196306;SECADOR BABYLISS 5913PE;7;;;;;
3601010115042;°CO+ BATIDORA VARILLA/AMASADOR;7;;;;;
8436618551993;RIZADOR DE PELO ORYX EEL1314A;7;;;;;
6944762701857;TELEFONO QUBO X-340 4G;7;;;;;
3121040098141;CENTRO PLANCHADO ROWENTA VR7442;6;;;;;
8690842741067;LAVAVAJILLAS BEKO BDFN05330W;6;;;;;
3303170117774;RATON TNB SUNSET BLACK USB C;6;;;;;
8414234022295;CORTAPELOS TAURUS NIXUS ONE;6;;;;;
5412810265619;CONECTOR COAXIAL 2H-M;6;;;;;
6925281987632;AURICULAR JBL TUNE 510 - BLANCO;6;;;;;
4047443371508;RATON OPTICO HAMA MW-110;6;;;;;
8427155905530;MICROONDAS NEVIR NVR 6250M;6;;;;;
45496321444;CONSOLA NINTENDO SWITCH 2 ;6;;;;;
45496321529;CONSOLA SWITCH 2+MARIO KART WON;6;;;;;
8400250018138;IBERJET - HP 364 XL CYAN;6;;;;;
8422926046443;SOPORTE LCD 0139N DE 15  A 26;6;;;;;
8435484017282;CAFETERA COFFEE 66 DROP CECOTEC;6;;;;;
8710103993827;AFEITADOR PHILIPS S5466/17;6;;;;;
8434847045641;COOL CABLE LIGHTING A JACK3.5MM;6;;;;;
8432406680142;SANDWICHERA B&D BXSA753E;6;;;;;
8018417324086;CARGADOR COCHE SBS 20 W BLANCO;6;;;;;
8433766120316;BATIDORA VASO SOLAC BV5734;6;;;;;
8018417463907;CABLE CARGA/DATOS SBS 100W 1,5M;6;;;;;
8018417328886;SOPORTE SBS CLIP DE VENTILACIÓN;6;;;;;
8436046489738;SOPORTE FERSAY PARA MICROONDAS ;6;;;;;
8018417463839;ALTAVOZ SBS MUSIC HERO POLLO;6;;;;;
8433766481141;ASPIRADOR ESCOBA SOLAC   AE2505;6;;;;;
5051893243215;PS5 MORTAL KOMBAT 1 ST;6;;;;;
8433766000670;SECADOR SOLAC  SB7950 IONIC 160;6;;;;;
4210101965085;PLANCHA  DW4308 ROWENTA;6;;;;;
8436618552341;RIZADOR DE PELO ORYX EEL1314C;6;;;;;
3045380404144;CAFET. KRUPS KP1438 MINI ME 160;6;;;;;
6941764468955;REALME WATCH 5 RMW2501 TITAN SL;6;;;;;
8436618552273;BATIDORA ORYX EEL1266B;6;;;;;
8427561027352;RADIADOR FM FC-750;6;;;;;
8059019114019;SECADORA HOOVER HREH9N2TBES;6;;;;;
8426156018478;ASP. ESCOBA GRUNKEL ASP-27KPA;6;;;;;
4718006451103;PENDRIVE DUAL HP X5600C 256 GB;6;;;;;
889698657679;FUNKO POP SORSHA;6;;;;;
8421078037538;LICUADORA JATA JELI 1580;6;;;;;
8427155905639;MICROONDAS NEVIR NVR-6221MG;6;;;;;
3601029932814;SE SOP.TABLET REPOSACAB. 7-12;6;;;;;
3303170100363;RATON TNB SHARK WHITE;6;;;;;
8720689018593;AFEITA. PHILIPS S3243/12 RECARG;6;;;;;
8414636078692;DISCOS CERA CHOCO SOLAC DC7500;6;;;;;
8436046488014;CREMA LIMPIADORA VITRO FERSAY;6;;;;;
6935364071325;AMPLIFI. WIFI TP LINK TL-WA854R;6;;;;;
3303170029497;ALFOMBRILLA TNB ERGO NEGRO;6;;;;;
45496420291;SWITCH MARIO KART 8 DELUXE;6;;;;;
8421078030607;PLANCHA ASAR JATA GR 559;6;;;;;
889894860798;HP 304 XL COLOR;6;;;;;
3121040092880;CORTAPELO ROWENTA TN8934 MULTIS;6;;;;;
3030050173659;SECADOR BABYLISS 5513TE DC 2300;6;;;;;
5901969425437;RATON GENESIS S. OP XENON 220;6;;;;;
8018417457746;ALTAVOZ SBS MUSIC HERO TORO;6;;;;;
8018417457753;ALTAVOZ SBS MUSIC HERO LEON;6;;;;;
190780571033;CARTUCHO HP 303 - NEGRO;6;;;;;
889698551519;FUNKO BATTLE WORLD CAPSULA SORP;6;;;;;
8433766186961;PLANCHA SOLAC PV2029;6;;;;;
3168430687738;ASADORA MOULINEX CB5608 1800W 2;6;;;;;
8018417482069;FUNDA SBS INSTINCT IPHONE 16 NG;6;;;;;
8018417482250;FUNDA SBS MAGSAFE IPHONE 16 T;6;;;;;
8436046490208;SOPORTE TV FERSAY SOP-3770 ;6;;;;;
8436046489813;SOPORTE TV FERSAY SOP-2342SB;6;;;;;
889698497077;FUNKO POP GILGAMESH;6;;;;;
8018417340192;BASE CARGADOR SBS INALÁMBRICO 1;6;;;;;
8018417482267;FUNDA SBS MAGSAFE IPHONE 16 PRO;6;;;;;
8018417481901;FUNDA SBS TAPA PARA IPHONE 16 P;6;;;;;
8713016022707;MOLINILLO TRISTAR KM-2270;6;;;;;
8426307600644;ATRIL OFFICE T5-700;6;;;;;
5412810265299;CABLE COA. NEDIS 100dB 5.0M;6;;;;;
5412810282166;CABLE COAX. NEDIS 75 OM 1.5 M;6;;;;;
8004399334533;CAFETE PLUS S DELONGHI EDG315.B;6;;;;;
6925281918926;AURICULAR JBL TUNE 110 NEGRO;6;;;;;
8400251793492;INKIO- HP 303 XL BLACK;6;;;;;
8400251793539;INKIO- HP 303 XL COLOR;6;;;;;
8410171184522;RADIO RELOJ ELCO PD-184P NEGRO;6;;;;;
8018417507762;REMOTE CONTROL SAMSUNG;6;;;;;
5035228125421;SWITCH2 EA SPORTS FC26;6;;;;;
3030050197242;SECADOR BABYLISS D580DE COSMOS ;6;;;;;
8018417462740;AURICULAR SBS LIGHT POP ;6;;;;;
8018417427473;AURICULAR SBS FLOXY 2.0 BLANCO;6;;;;;
8018417448096;AURICULAR SBS FLOXY 2.0 AZUL;6;;;;;
4960999974521;CANON CL-546 ;6;;;;;
3016661157806;BATIDORA MOULINEX DD553110;6;;;;;
4009835179642;ALBUM FOTOS 10x15 40 PURE MOMEN;6;;;;;
8018417474965;AURICULAR SBS TWS KOMBO ROSA;6;;;;;
8018417474941;AURICULAR SBS TWS KOMBO BLANCO;6;;;;;
8018417203091;CABLEAUDIO JACK SBS STEREO NEG;6;;;;;
3601029906907;SE DEPILACION ESPECIAL BIKINI;6;;;;;
8018417516467;LUCE NEON CACTUS;6;;;;;
8436618550118;SET ORGANIZADOR DE NEVERA ORYX;6;;;;;
8436046489325;MANDO FERSAY PROGRAMABLE 4-1 ;6;;;;;
8414234634016;SACACORCHOS TAURUS SET WINE UP ;6;;;;;
8436626170469;CONVECTOR ARTICA ACCV200N;6;;;;;
5412810273034;CABLE NEDIS  RCA - RCA 2 M;6;;;;;
8436587976421;SILLA GAMING DRIFT DR35BL N/AZE;6;;;;;
8425160337780;TOST. KUKEN 33778 800W 2R CORTO;6;;;;;
8436587974397;SILLA GAMING DRIFT DR35BL NG/AZ;6;;;;;
8436587974700;SILLA GAMING DRIFT DR35BF NG/FU;6;;;;;
8436587974380;SILLA GAMING DRIFT DR35BR NG/RO;6;;;;;
8006023338993;MANDO UNIVER. MELICONI AC50;6;;;;;
8006023313860;MANDO UNIVER. MELICONI AC200;6;;;;;
8436586743437;COMBO SUBBLIM OFFICE PROWAVE WH;6;;;;;
8018417438165;CARG. PARED SBS 45 W TIPO C;6;;;;;
197029817501;MULTIFUNCION HP- HP ENVY 6120 E;6;;;;;
4047443458537;CABLE VIDEO HDMI Hi-SPEED 1,5;6;;;;;
6940056181855;RATON RAPOO M100 BT - WHITE;6;;;;;
8006023311576;MELICONI SOFT WOOL-LANA SUAVE 3;6;;;;;
8018417292385;CARG. PARED SBS 20 W + CABLE;6;;;;;
8018417415203;CARG. VIAJE SBS 15 W TIPO C;6;;;;;
8018417457647;CABLE CARGA/DATOS SBS T C 1 M;6;;;;;
8018417261213;CABLE CARGA/DATOS SBS T C 1,5 M;6;;;;;
8426984370106;CONG. HORIZONTAL ROMMER CHE 154;6;;;;;
8435684365664;VENT. SOBREMESA FUNCHAL AMARILL;6;;;;;
8710103859703;CORTAPELOS PHILIPS  HC351015;6;;;;;
5706751023743;RAD/REL DENVER CRP-618 FM PROYE;6;;;;;
6941812791271; XIAOMI REDMI BUDS 6  PLAY WHIT;6;;;;;
5412810281817;CABLE COAX. NEDIS 90dB 1.5 M N;6;;;;;
3700992505770;U.FIX Universal Bike Kit;6;;;;;
8422521381703;SOPORTE  FONESTAR STV649B;6;;;;;
8710103914440;BATIDORA PHILIPS HR2534/00;6;;;;;
8425490060983;ROLLO ENVASAR SOGO SS1300/22X3M;6;;;;;
889698592987;FUNKO POP MARJORA;6;;;;;
889698576130;FUNKO POP BLACK WIDOW ART;6;;;;;
889698576154;FUNKO POP HAWKEYE ART;6;;;;;
8421078032540;TOSTADOR PLANO JATA TT587;6;;;;;
8414234189844;PLANCHA TAURUS AGATHA 2800W;6;;;;;
3030050153927;PLANCHA PELO BABYLISS ST250E;6;;;;;
4905524937961;AURICULAR MDRZX110APP ROSA;6;;;;;
8400250027895;IBERJET - EPSON 18 XL CYAN;6;;;;;
8400250027918;IBERJET - EPSON 18 XL MAGENTA;6;;;;;
8425490140395;ALTAVOZ PORTATIL SOGO SS-8782;6;;;;;
4242005551194;CAF. TASSIMO STYLE FRIENDLY ROJ;6;;;;;
43859748662;ORGANIZAROR CABLES FELLOWES ZIP;6;;;;;
43859499175;LIMPIADOR FELLOWES AIRE PRESION;6;;;;;
8436618551955;OLLA ELÉCTRICA ORYX EEL0854;5;;;;;
8414234446787;VENTILADOR PIE TAURUS BOREAL 16;5;;;;;
8434778038590;ENCIMERA TEKA IBC63115SSM;5;;;;;
8426984322730;LAVADORA ROMMER TECHNA A1418;5;;;;;
8414234421241;VENT. TECHO TAURUS POLAR HIDE&G;5;;;;;
4242005396955;CAFETERA GOTEO BOSCH TKA2M111;5;;;;;
4548736171497;AURICULARES SONY IEREX15CP ROSA;5;;;;;
8436587974731;AURIC. GAMING KROM KANJI BLANC;5;;;;;
4582563854802;MEMORIA USB 3.2 KIOXIA 256GB ;5;;;;;
8436586743086;RAT. SUBBLIM NATURE VERTICAL ER;5;;;;;
8436586743185;PACK ERGO AIRPADDING SUBBLIM NG;5;;;;;
8436586743192;PACK ERGO AIRPADDING SUBBLIM SL;5;;;;;
8436586741778;"FUNDA SUBBLIM URBAN 13-14"" PINK";5;;;;;
8414234351098;RAD. MICA TAURUS TROPICANO 1500;5;;;;;
8018417338441;CARGADOR SBS 5 W 1 X USB;5;;;;;
8414234351029;EMISOR TERMICO TAURUS NEPAL1000;5;;;;;
8414234351005;EMISOR TERMICO TAURUS NEPAL1500;5;;;;;
4008928380170;MANDO D. UNIV. VIVANCO SONY ;5;;;;;
4548736170599;AURICULARES SONY IEREX15CW BLAN;5;;;;;
8436586743703;MOCHILA SUBBLIM N. XPAND AZUL;5;;;;;
9400007658265;"PACK MOCHILA HAMA 16,5"" + RATON";5;;;;;
8018417508837;SOPORTE TV VIVANCO INC HASTA 55;5;;;;;
8018417508790;SOPORTE TV VIVANCO INC HASTA 65;5;;;;;
8018417508806;SOPORTE TV VIVANCO INC HASTA 85;5;;;;;
193905429271;CARTUCHO HP 305XL NEGRO;5;;;;;
8431305030218;COMBO GAMIN MOUSE;5;;;;;
617885028557;MANDO POWER A SWITCH ENHANCED;5;;;;;
3046627718666;C. COCHE BLEXTER 18W + LIGHT NE;5;;;;;
3760080650348;Worldwide Travel Adaptor 2 USB;5;;;;;
4905524930221;AURICULAR SOMDR-ZX110A NEGRO;5;;;;;
8433766240366;EXPRIMIDOR STILLO 100 SOLAC;5;;;;;
4009835160008;ALBUM FOTOS 10X15 32 BALLOON JO;5;;;;;
4548736142862;AURICULARES SONY WHCH520L BT AZ;5;;;;;
4211125103316;BASCULA BEURER BF183 LE 2024;5;;;;;
8435684365657;VENT. SOBREMESA FUNCHAL AZUL;5;;;;;
8018417310447;CABLE DATOS SBS USB A - C 1,5 M;5;;;;;
8414234011862;PLANCHA TAURUS SLIMLOOK DUO;5;;;;;
8018417444630;CARGADOR PARED SBS 20 W TIPOC A;5;;;;;
8018417534539;POWERBANK SBS 3500 MAH+COMPRESO;5;;;;;
8806099054670;"TV SAMSUNG 24"" TU24F6005F FHD";5;;;;;
8436587974724;AURIC. GAMING KROM KANJI NEGRO;5;;;;;
8006023278053;MELICONI BOLAS SECADORA;5;;;;;
8400250633096;IBERJET - EPSON 603XL CYAN;5;;;;;
8400250633119;IBERJET - EPSON 603XL MAGENTA;5;;;;;
8427542134802;ALTAVOZ HEAD BT PORTATIL BICI;5;;;;;
8427542134840;LOCALIZADOR HEAD REFLECTOR BICI;5;;;;;
4047443434395;CABLE AUDIO ODT M (Toslink) 3 M;5;;;;;
4718006453107;USB 3.2 HP X911W 256GB SSD;5;;;;;
4718006453114;USB 3.2 HP X911W 512GB SSD;5;;;;;
45496312909;SWITCH2 MARIO PARTY JAMBOREE;5;;;;;
8018417445040;MINIPOWERBANK SBS 10000 MAH ;5;;;;;
8018417481420;POWERBANK SBS LCD 10000 MAH ;5;;;;;
4047443438768;CABLE ANUDIO JACK 3.5MM 3 M;5;;;;;
3536403404376;MEMORIA USB PNY 32GB EDICIO PN;5;;;;;
8414234350671;RAD. ACEITE TAURUS DAKAR 2000;5;;;;;
8414234350688;RAD. ACEITE TAURUS DAKAR 2500;5;;;;;
8018417503504;CABLE ANTENA VIVANCO 90DB BLANC;5;;;;;
8018417515279;CABLE ALIMENTACION VIVANCO;5;;;;;
8018417509216;CABLE VIVANCO HDMI 3M GOLD;5;;;;;
5412810265541;ADAP. NEDIS JACK 3,5-6,35 M / H;5;;;;;
5055374708019;Teléfono Motorola CT50 BLANCO;5;;;;;
8436046489387;SOPORTE TV FERSAY SOP33 23-42;5;;;;;
8436587974946;RATON KROM KLEVER BLANCO;5;;;;;
8018417512216;AURICULAT TV VIVANCO 5 METROS;5;;;;;
8018417513305;DESPERTADOR SBS 2 EN 1 ;5;;;;;
8018417516528;LUCE NEON DINOSAURO;5;;;;;
8018417516450;LUCE NEON FARFALLA;5;;;;;
198701680222;MULTIFUNCION  HP DESKJET 4320 N;5;;;;;
8018417465772;AURICULAR SBS USB C TUBB ROSA;5;;;;;
8018417503177;CABLE AUDIO VIVANCO RCA 5 M;5;;;;;
8018417504020;CABLE AUDIO VIVANCO JACK 5 M;5;;;;;
8018417509339;CABLE HDMI KABEL VIVANCO 2 M;5;;;;;
8018417508202;ADAPTADOR COAX SAT VIVANCO ;5;;;;;
8018417443985;AURICULAR SBS TWS ONE NEGRO;5;;;;;
8018417467622;AURICULAR SBS AIR KAB TWS BLANC;5;;;;;
8018417467639;AURICULAR SBS AIR KAB TWS NEGR;5;;;;;
8018417500152;AURICULAR SBS JAZ ORION AZUL;5;;;;;
8018417486876;AURICULAR SBS GO PODS BLANCO;5;;;;;
889698517676;FUNKO POP & TEE IG-11 EXC M;5;;;;;
889894508898;HP COMBO 301 + COLORES;5;;;;;
3221616176508;ASPI. ESCOBA ROWENTA RH1832 XFO;5;;;;;
8018417208799;AURICULARES SBS IN EAR MIX 10 N;5;;;;;
8018417407468;AURICULAR SBS NUBOX ROSA;5;;;;;
8018417289330;AURICULARES SBS ST MIX 100C  NE;5;;;;;
4008928480177;ADAP COAXIAL 2 VIAS VIVANCO ;5;;;;;
4008928471588;CABLE HDMI TIPO A VIVANCO  1M;5;;;;;
4549292192643;CANON PG-576 XL;5;;;;;
4047443444400;CABLE RED HAMA RJ45  CAT6 5M;5;;;;;
8436046490215;SOPORTE TV FERSAY SOP 4390;5;;;;;
5412810282210;CABLE COAX. NEDIS 120dB 5.0 M B;5;;;;;
889698497145;FUNKO POP MAKKARI;5;;;;;
8426307972611;REPOSAMUÑECAS AIDATA KF4811;5;;;;;
5908267935774;MEMORIA USB GOODRAM 64GB UME3 B;5;;;;;
8018417498015;FUNDA SBS TAPA S. GALAXY S25;5;;;;;
8018417328862;CLIP DE VENTILACIÓN SBS + SOP;5;;;;;
8018417498206;FUNDA SBS DELGADA GALAXY S25 UL;5;;;;;
4008928460322;CABLE VIVANCO 1XJACK- 2XRMA 5,0;5;;;;;
4008928470567;CABLE VIVANCO HDMI - DVI 2.0 M;5;;;;;
6970453555058;MINI POWERBANK VEGER 5000 MAH;5;;;;;
8018417486869;AURICULAR SBS GO PODS VERDE;5;;;;;
4008928461510;CABLE AUDIO OPTICO VIVANCO 3 M;5;;;;;
4008928440805;CABLE CONEXION VIVANCO 44080 3M;5;;;;;
4008928471434;ADAPTADOR VIVANCO HDMI - VGA;5;;;;;
4008928471625;CABLE HDMI 2.0 VIVANCO 7 M;5;;;;;
889698501224;FUNKO POP DANE;5;;;;;
889698647984;FUNKO POP SANG-WOO 218;5;;;;;
889698609210;FUNKO POP MASTER MORDO;5;;;;;
3046627719724;CABLE NEDIS USB C - BLUE;5;;;;;
3601010081439;°CO+ BATIDORA BL1031A 1,5L PLS;5;;;;;
3601029965454;SE BATIDORA CY-311G 1,5L VIDRI;5;;;;;
8425490137685;HERVIDOR SOGO SS7715;5;;;;;
8018417481895;FUNDA SBS TAPA IPHONE 16 NG;5;;;;;
8018417482526;FUNDA SBS SKINNY IPHONE 16 PRO;5;;;;;
8018417482106;FUNDA SBS INSTINCT IPHONE 16 PR;5;;;;;
8018417482519;FUNDA SBS IPHONE 16 TRANSP.;5;;;;;
8431305032021;AURICULAR PS4 PS5 BFX-40;5;;;;;
8018417499470;FUNDA SBS INST. GALAXY A36/A56;5;;;;;
8018417281259;AURICULAR SBS BT501 NIGHT;5;;;;;
8018417486852;AURICULAR SBS GO PODS AZUL OSC;5;;;;;
8018417327988;AURICULAR SBS HERO TWS X-BEAT R;5;;;;;
8018417407475;AURICULAR SBS NUBOX BLANCO;5;;;;;
4008928431506;CABLE ANTENA VIVANCO 110 DB 5,0;5;;;;;
4008928470741;ADAP. VIVANCO HDMI / DVI;5;;;;;
4008928460124;CABLE AUDIO VIVANCO 2 RCA 1.5 M;5;;;;;
3303170102497;MICRO TNB MICTABLE 3.5MM;5;;;;;
5412810266760;ALTAVOCES NEDIS 2.0 PC 12W;5;;;;;
8006540772119;CEPILLO ORAL B PRO 1 BLANCO;5;;;;;
4047443542922;MALETIN HAMA GENUA UNI HAMA;5;;;;;
4210101969304;PLANCHA VAPOR EFFECTIV ROWENTA;5;;;;;
3700460203320;RADIO RELOJ PROYECTOR M178P NG;5;;;;;
8018417427428;ALTAVOZ SBS JAZ WITCHER 10 NEGR;5;;;;;
8018417464249;AURICULAR SBS HERO TWS RASH AZ;5;;;;;
8018417327995;AURICULAR SBS HERO TWS X-BEAT C;5;;;;;
5060777122928;PLANCHA PELO GHD STYLER ORIGINA;5;;;;;
8710103904014;PLANCHA PELO PHILIPS HP8321/40 ;5;;;;;
6926474623016;IBERJET - EPSON 712 CYAN;5;;;;;
4210201163305;AFEITADORA BRAUN 300 SB;5;;;;;
889698369558;BOLIGRAFO VENGADORES ENDGAME;5;;;;;
8427561027482;RADIADOR MICA FM PM-600;5;;;;;
3121040095584;AFEITADORA ROWENTA TN3110;5;;;;;
3303170061138;Micro USB CAR - 1A;5;;;;;
8436585380190;MANDO TV COMP SONY TMURC320;5;;;;;
5030939125180;PS4 EA SPORTS FC24;5;;;;;
8720689002813;MOLDEADOR SECADOR PHILIPS BHA5;5;;;;;
8427155801542;COCINA GAS BUTANO NEVIR NVR-CB4;5;;;;;
3700601407501;TELEFONO ALCATEL TEMPORIS T180;5;;;;;
8806091606167;"TV LG 27"" 27TQ615SWZ FHD BLANC ";5;;;;;
4242006310226;LAVADORA BALAY 3TS282B 8K 1200R;5;;;;;
3601010082153;°CO+ HERVIDOR DE AGUA 1,7L;5;;;;;
8427155905615;MICROONDAS NEVIR NVR 6260MG;5;;;;;
8400250017711;INKIO - EPSON 1293  MAGENTA;5;;;;;
3303170111888;CABLE WAY USB C / USB C 1 M;5;;;;;
5038061142266;MOLDEADOR REMINGTON AS7700;5;;;;;
45496479435;SWITCH EVERYBODY 1-2 SWITCH;5;;;;;
8720389000089;CAFET PHILIPS L^OR BARISTA LM90;5;;;;;
8436618551856;CAFETERA DE GOTEO ORYX;5;;;;;
8410171016335;VENTILADOR ELCO PV16T;5;;;;;
5425025595297;MANDO DRAGONSHOCK  UNI DRAGONS;5;;;;;
9120096770630;PELICULA CARGA POLAROID I-TYPE ;5;;;;;
8018417504419;TOMA COAXIAL DOBLE VIVANCO;5;;;;;
8432322531948;CAFETERA GENIOS KRUPS KP2431;5;;;;;
8018417465628;AURICULAR SBS HERO TWS FLUO NAR;5;;;;;
8018417457760;ALTAVOZ SBS MUSIC HERO CERDO;5;;;;;
8018417520143;UNIVERSAL PREMIUM TWIN LNB;5;;;;;
8018417508165;CONECTOR ANTENA VIVANCO 7.0 MM;5;;;;;
9400007083883;TUBO SALIDA AGUA FERSAY 19AG036;5;;;;;
8436049480909;SOPORTE UNIVERSAL TERMO;5;;;;;
8018417447815;CABLE CARGA/DATOS SBS TELA 1,5M;5;;;;;
8018417327506;CABLE SBS ESPIRAL LIGHTNING 0,5;5;;;;;
8435051151845;BOLSAS ENVASADORA ELMA 10X25;5;;;;;
9400005783105;AMAZON RECARGA 50 EUROS;5;;;;;
8400250024948;IBERJET - HP 301 XL COLOR;5;;;;;
8400250018152;IBERJET - HP 364 XL AMARILLO;5;;;;;
3601010079894;°CO+ PLANCHA ROPA HG 5081;5;;;;;
8436530113378;KIT ADAPTADORES USB SVEON;5;;;;;
5055060904145;PS5 RESIDENT EVIL 4 GOLD EDITIO;5;;;;;
8720689018531;AFEITADORA PHILIPS S3143/00;5;;;;;
45496512651;SWITCH MARIO PARTY JAMBOREE;5;;;;;
8700216635127; BODYGROOMER+RECORTAD BRAUN;5;;;;;
8425490139443;ASPIRADOR VERTICAL SOGO ASP-SS1;5;;;;;
3121040089781;PLANCHA VERTICAL ROWENTA DR1021;5;;;;;
4047443465924;AURICULAR BT HAMA CALYPSO BLACK;5;;;;;
3121040088586;PLANCH VERTICAL ROWENTA DR2022;5;;;;;
45496313876;SWITCH2 POKEMON POKOPIA;5;;;;;
7500435224994;DEPILADORA BRAUN SE5-251;5;;;;;
8720689044264;AFEITA. PHILIPS HS5980/15 ESPEC;5;;;;;
8018417508691;SOPORTE VIVANCO VIV-37972;5;;;;;
8018417525032;FUNDA SKINNY IPHONE 17 PRO MAX;5;;;;;
8018417525452;FUNDA SBS NUDE IPHONE 17;5;;;;;
8018417524479;FUNDA SBS INSTINCT IPHONE 17;5;;;;;
8018417524653;FUNDA SBS INSTINCT IPHONE 17 PR;5;;;;;
8427155905462;VENTILADOR TORRE NEVIR NVR-TR29;5;;;;;
4047443483669;AURICULARES HAMA SHELL II 6 M;5;;;;;
8018417525476;FUNDA SBS DAYLIGHT IPHONE 17;5;;;;;
8018417525681;FUNDA SBS GRADIENT IPHONE 17 PR;5;;;;;
8018417339851;POWERBANK SBS 10.000 mAh AZUL;5;;;;;
8018417500916;FUNDA SBS LITE MAG IPHONE 17E;4;;;;;
5608475027659;VENTILADOR PIE HAEGER SF16W011A;4;;;;;
4047443486349;SMARTWATCH HAMA FITWATCH 4910 R;4;;;;;
4047443486356;SMARTWATCH HAMA FITWATCH 4910 G;4;;;;;
6932849436365;SWITCH TENDA SG108M 8-PORT ;4;;;;;
8018417537011;FUNDA SBS LIBRO SAMSUNG S26+;4;;;;;
4549292221411;MULTIFUNCION MULTI CANON TS7750;4;;;;;
6940056129840;KIT RAT + TCL RAPOO 9010M BLACK;4;;;;;
6940056130945;KIT RAT + TCL RAPOO 8550M;4;;;;;
3303170116364;AURICULARES + MICROFONO WAY;4;;;;;
5412810411283;ALTAVOCES NEDIS GAMING 18W LED;4;;;;;
3303170121153;ALF + RAT TNB EXCLUSIV' TROPIC;4;;;;;
3303170114858;HUB TNB FIRST CLASS 4 PORT;4;;;;;
5060777122850;PLANCHA GHD STYLER GOLD;4;;;;;
45496512552;SWITCH MARIO LUIGI BROTHERSHIP;4;;;;;
4242005441716;LAVADORA BOSCH WGE03200EP;4;;;;;
8414234124753;BATIDORA VASO TAURUS PRIOR GLAS;4;;;;;
6925281987649;AURICULAR JBL TUNE 510 - AZUL;4;;;;;
3527570071850;AUR + MIC MILLENIUM MH3 ADVANTE;4;;;;;
4007249571397;ALTAVOCES HAMA PC 4W;4;;;;;
4047443436870;HUB HAMA 4 PUERTOS + ALIMENT;4;;;;;
6944762701024;TFNO SENIOR QUBO X-209 -4G;4;;;;;
3030050153200;CORTAPELO BABYLISS E756E C/CABL;4;;;;;
8435771915888;FREIDORA AIRE CECOTEC DUOHEAT 6;4;;;;;
7427004613228;CARGADOR UNI. COMPACTO 14B 90W;4;;;;;
4210201432340;CEPILLO ORAL B VITALY PRO MORAD;4;;;;;
8011000040493; RADIO PORTATIL TREVI DR 7F40 ;4;;;;;
8422160055218;BATID. UFESA PULSAR 600 600W S/;4;;;;;
8018417340673;KIT DE VIAJE SBS 1 X USB 20 W;4;;;;;
8414234607010;TOSTADOR TAURUS JONIC TOAST;4;;;;;
8018417327445;CABLE CAR/DAT SBS LIGHTNING 1M;4;;;;;
711719020837;CONSOLA SONY PS5 DIGIT SONY;4;;;;;
8018417509117;CABLE HDMI VIVANCO 2.0 ARC 1M;4;;;;;
8018417463815;ALTAVOZ SBS MUSIC HERO GATO;4;;;;;
8018417500176;KARAOKE SBS M HERO KARAKAS;4;;;;;
8436046490352;REJILLA COMBI COLOR BLANCO;4;;;;;
8421078037156;GRILL JEGR1106 JATA;4;;;;;
4008928429558;CABLE HDMI VIVANCO 1.4 1.5 M;4;;;;;
8433766201312;CAFETERA SOLAC CE4510;4;;;;;
8018417509209;CABLE HDMI VIVANCO 2.0 ARC 3M;4;;;;;
8018417509414;CABLE JACK - RCA VIVANCO ;4;;;;;
889698824996;FUNKO POP IRON MAN CLASSICS;4;;;;;
8806097124153;TELEVISIÓN SAMSUNG TQ65Q7F;4;;;;;
5901292525910;"TV TCL 75"" 75P7K UHD Q TCL";4;;;;;
8433766010570;MOLDEADOR SOLAC STYLE MD7406;4;;;;;
8806084417817;ALTAVOZ LG XG2TBK 5W B LG;4;;;;;
8422160059032;CAFET. UFESA CALABRIA  UFESA;4;;;;;
4015588600661;HUMIDIFICADOR MEDISANA AH663;4;;;;;
3030050154825;SECADOR 670E  BABYLISS ;4;;;;;
8059019042688;ENCIMERA CANDY C63TPSCE1 3F IND;4;;;;;
3045380404137;CAFET. KRUPS KP143G MINI ME 160;4;;;;;
5038061141009;MOLDEADOR REMINGTON AS5860 800W;4;;;;;
8434778038163;CAMPANA TEKA DBB64140 INOX;4;;;;;
8436618551733;TOSTADOR ORYX 4 REBANADAS;4;;;;;
3307216270829;PS5 JUST DANCE 2024 EDITION;4;;;;;
5055277039265;PS5 YAKUZA LIKE A DRAGON;4;;;;;
8421078037699;BATIDORA VASO JEBT1265 JATA;4;;;;;
8400250017704;INKIO - EPSON 1292  CYAN;4;;;;;
889698691208;FUNKO POP SHAZAM;4;;;;;
3601029960619;SE TETERA INOX 1,7L. 2000W;4;;;;;
889698657396;FUNKO POP LADYBUG;4;;;;;
8427155801566;COCINA GAS NEVIR NVR-NVR-CB4H;4;;;;;
6944762701109;TELEFONO QUBO X-240BL;4;;;;;
8436018203492;BATIDORA VASO COMELEC BL7158;4;;;;;
6941812748343;CARGADOR XIAOMI 1XUSB A  22,5W;4;;;;;
8436046489363;CABLE HDMI FERSAY DE 1,5M ;4;;;;;
5030944125120;SWITCH EA SPORTS FC24;4;;;;;
7427004612948;CABLE BLEXTER MICRO USB 2M B;4;;;;;
4250366850795;DUO GIGASET A270 NEGRO;4;;;;;
5055374708026;Teléfono Motorola CT50 NEGRO;4;;;;;
8710103898122;SECADOR PHILIPS BHD274/00;4;;;;;
8433766550748;MANTA SOLAC CT8607  Reikia;4;;;;;
8425703802119;CORTAFIAMBRES ELMA CFD XL 2 CUC;4;;;;;
3303170044322;MINY  MM240W  Wireless OPT. WHI;4;;;;;
3303170021323;ALFOMBRILLA TNB ERGO AZUL OSCUR;4;;;;;
4009835160367;ALBUM FOTOS 10x15 32 POLLY & ED;4;;;;;
8007411014055;PLANCHA POLTI VAPORELLA QUICK Q;4;;;;;
8711658523002;CONVECTOR TRISTAR KA5104 2000W;4;;;;;
3045386363483;EXPRIMIDOR ULTRACOM NEGRO MOULI;4;;;;;
7427004612634;CABLE BLEXTER M.USB SILVER 2A;4;;;;;
7427004612641;CABLE BLEXTER M.USB DARK G. 2A;4;;;;;
4960999617039;CARTUCHO CANON CL511 COLOR;4;;;;;
45496430634;SWITCH JOY-CON WHEEL SET 2 VOLA;4;;;;;
3303170075715;ADAPTADOR jack / double jack 3.;4;;;;;
8436049490397;MARCO MICR HUECO DE FERSAY NIQU;4;;;;;
8436046490345;MARCO MICRO NEGRO HUECO FERSAY;4;;;;;
889698211550;FUNKO MARVEL LLAVERO SURTIDO;4;;;;;
6926474623023;INKIO - EPSON 713 MAGENTA;4;;;;;
4905524942132;AURICULAR SONY MDR-ZX310B 1P;4;;;;;
8432406540002;DESHUMIFICADOR B&D BXDH12L;4;;;;;
8806096627648;COMBI LG GBBS726CPY INOX;4;;;;;
8018417426445;AURICULAR SBS M HERO TWS MYBEAT;4;;;;;
4523052030185;SW TARJETA MICROSD SANDISK 256 ;4;;;;;
8436049490380;REJILLA COMBI COLOR INOX ;4;;;;;
889698524315;FUNKO POP GREEN LANTERN PALACE;4;;;;;
889698562270;FUNKO POP DON;4;;;;;
4008928470895;ADAP. VIVANCO HDMI/MICROHDMI;4;;;;;
4008928460575;CABLE ALARGADOR JACK VIVANCO 5M;4;;;;;
4008928471649;CABLE HDMI VIVANCO GOLD 1.0 M;4;;;;;
4008928471656;CABLE HDMI VIVANCO GOLD 2.0 M;4;;;;;
4008928470482;ADAP. VIVANCO MINI DIN / SCART;4;;;;;
4008928471779;CABLE HDMI 2.1 VIVANKO (8K) 3.0;4;;;;;
4008928480115;CONECTOR ANTENA VIVANCO METAL;4;;;;;
4008928470178;CABLE VIVANCO SCART(M)-RCA 2M;4;;;;;
8018417407451;AURICULAR SBS NUBOX NEGRO;4;;;;;
8018417486845;AURICULAR SBS GO PODS NEGRO;4;;;;;
8018417500671;FUNDA SBS GALAXY A26 TRANSP.;4;;;;;
4008928480085;CONECT.  ANTENA VIVANCO COAX 90;4;;;;;
8018417248788;SOPORTE SBS UNIV.COCHE EVENERGY;4;;;;;
3601010082160;°CO+ BATIDORA MANO EXTRAIBLE;4;;;;;
45496431525;CINTA PIERNA NINTENDO SW SPORTS;4;;;;;
889698497084;FUNKO POP KINGO;4;;;;;
4008928471632;CABLE HDMI 4K 2.0 VIVANCO 10 M;4;;;;;
4008928440690;CABLE ANTENA  SAT VIVANCO 1.5 M;4;;;;;
4008928471618;CABLE VIVANCO HDMI TIPO A 5 M;4;;;;;
4008928460643;ADAP. VIVANCO MINIJACK 1XM -2XH;4;;;;;
4008928460438;CABLE AUDIO VIVANCO 0,2M 2x RCA;4;;;;;
4008928461336;CABLE AUDIO VIVANCO JACK  1,5 M;4;;;;;
4008928480009;CONECTOR ANT. VIVANCO 75 OHM M;4;;;;;
8018417300455;POWERBANK 5000 MAH, NEGRO;4;;;;;
8018417501708;FUNDA SBS SAMSUNG GALAXY S25;4;;;;;
5908267935798;MEMORIA USB GOODRAM 128GB UME B;4;;;;;
5412810281961;CABLE COA. NEDIS 90dB 2.0M;4;;;;;
5412810282227;CABLE COAX. NEDIS 120dB 10.0 M;4;;;;;
8436530113422;ADAP. USB BLUETOOTH SVEON 5.0;4;;;;;
8425120092223;ESTUFA GAS HJM GC2800 CATALITIC;4;;;;;
45496478773;SW LEGEND OF ZELDA TEARS OF KIN;4;;;;;
3601010082504;°CO+ BARBACOA MESA 2000W YD31;4;;;;;
8422160061882;SANDWICH. UFESA KENYA 750W TORT;4;;;;;
4008928470017;CABLE SCART (21-p) VIVANCO 1.5M;4;;;;;
4008928461374;CABLE AUDIO VIVANCO JACK 90 1,5;4;;;;;
8018417513534;AURICULARES SBS ST MIX 100C  BL;4;;;;;
8018417474934;AURICULAR SBS TWS KOMBO NEGRO;4;;;;;
8018417208805;AURICULARES SBS IN EAR MIX 10 B;4;;;;;
8018417291654;CABLE  ADAPT. SBS JACK - TYPE C;4;;;;;
8806096781814;TELEVISION LG 24LB70006LA;4;;;;;
884962894408;CARTUCHO HP 301 NEGRO;4;;;;;
4242002439808;BATIDORA BOSCH  MFQ3010;4;;;;;
8018417490163;AURICULAR SBS GO PODS AZUL CLA;4;;;;;
8018417204005;AURICULARES SBS RUNWAY;4;;;;;
8018417438172;CARGADOR PARED SBS 65 W ;4;;;;;
8018417516443;LUCE NEON FLAMINGO;4;;;;;
8018417516542;LUCE NEON GAMER;4;;;;;
8018417509148;CABLE HDMI VIVANCO 1,5M ;4;;;;;
8059019109350;ENCIMERA HOOVER HH63DCC 3F VITR;4;;;;;
8436618555120;BATIDORA ORYX EEL1685;4;;;;;
8436618555427;ARROCERA ELECTRICA ORYX EEL1742;4;;;;;
3016661152290;BATIDORA MOULINEX DD65ADDISP12 ;4;;;;;
5412810272976;CABLE NEDIS  RCA - RCA 1 M;4;;;;;
8435484085915;ASPI. TRINEO CECOTEC MULTICYCLO;4;;;;;
5035048691670;ASPI. MANO BLACK&DECKER NVB12AV;4;;;;;
4710562754216;RATON GAMING MARS.G MMAX ROSA;4;;;;;
5412810281770;CABLE IEC-320-C14 - IEC-320-C13;4;;;;;
4960999974507;CARTUCHO PG 545 NEGRO;4;;;;;
889698454551;BOLI FUNKO DC BIRDS OF PREY;4;;;;;
4047443444394;CABLE RED HAMA RJ45  CAT6 3M;4;;;;;
4047443444363;CABLE RED HAMA RJ45  CAT6 1.5M;4;;;;;
8690842600692;HORNO BEKO BBIMA13302B BEKO;4;;;;;
6972576181923;ALTAVOZ HIFUTURE POCKE HIFUTUR;4;;;;;
4047443434623;CABLE VIDEO 3 RCA 3M 3S;4;;;;;
7500435245098;AFEITA. CORPORAL BRAUN S3 ALL I;4;;;;;
885155046673;ASPI. ROBOT ROOMBA 105 Y311240;4;;;;;
45496321420;CORREA JOY-CON SWITCH 2;4;;;;;
8018417445057;MINIPOWERBANK SBS 5000 MAH ;4;;;;;
8018417463655;POWERBANK SBS 5000 MAH ;4;;;;;
740617328165;KINGSTON DT MICRODUO 3C 128GB;4;;;;;
4007249831804;CONVERTIDOR AUDIO AC80;4;;;;;
4047443438539;CABLE AUDIO JACK 3,5MM 1,5M HQ;4;;;;;
4047443439871;CABLE AUDIO EXT 3.5MM M-H ;4;;;;;
4047443434647;CABLE VIDEO EURO-3RCA 1,5MINOUT;4;;;;;
4047443431516;ADAPTADOR VIDEO HDMI 270;4;;;;;
4047443433916;CABLE ANTENA M-H 100 DB 5 M TEC;4;;;;;
8400250633072;IBERJET - EPSON 603XL NEGRO;4;;;;;
6934177720482;XIAOMI TRUE WIRELESS EARBUDS 2;4;;;;;
6940056181992;RATON RAPOO M100 BT - NEGRO;4;;;;;
3307216163763;PS4 JUST DANCE 2021;4;;;;;
4007249565228;CABLE AUDIO JACK 3.5MM 1.5M POL;4;;;;;
4047443438560;CABLE AUDIO JACK 3.5 MM 1.5 M;4;;;;;
4047443438492;CABLE AUDIO ODT M 1,5 M;4;;;;;
8021098003997;BATID. BRAUN MQ55001M S/A 1000W;4;;;;;
8806099117511;TELEVISION SAMSUNG TQ50QN70H;4;;;;;
8018417526282;POWERBANK SBS 5000 MAH+VENT+LUZ;4;;;;;
8018417526268;POWERBANK SBS 3000 MAH+LINT SOS;4;;;;;
8018417335068;CABLE CARGA/DATOS SBS T C 3,0 M;4;;;;;
8018417261220;CABLE CARGA/DATOS SBS T C 1,5 M;4;;;;;
8426984374357;CONG. HORIZONTAL ROMMER MFE 100;4;;;;;
8436626171787;FRIGORIFICO ARTICA CICLOUP143EI;4;;;;;
8432406200111;CAFETERA B&D COFFEE MAKER;4;;;;;
4548736142817;AURICULARES SONY WHCH520W BT WH;4;;;;;
8436626170810;SOPORTE TV GENIUM ART GSPART43;4;;;;;
8436588882158;PIZARRA DIGITAL LEOTEC NINE WH;4;;;;;
4009835175200;ALBUM FOTOS 10X15 40 PARIS;4;;;;;
8713016019189;FREIDORA TRISTAR FR6919;4;;;;;
6941812791530;XIAOMI REDMI WATCH 5 LITE BLACK;4;;;;;
3391892006926;PS4 HITS - DRAGON BALL XENO 2;4;;;;;
8436532167416;MICROFONO GAMING KROM KIMU PRO;4;;;;;
4007249565211;CABLE VIDEO HDMI HSE 1,5 M ;4;;;;;
45496321352;ADAPTADOR CORRIENTE SWITCH 2;4;;;;;
889698592802;FUNKO POP COBLEPOT;4;;;;;
4711474550439;TABLET ACER ICONIA TAB A11 4/12;4;;;;;
4210201448273;BARBERO BRAUN BT7420;4;;;;;
8806099134372;TELEVISION SAMSUNG TU55M73H;4;;;;;
85854236287;CASE LOGIC FUNDA 13.3;4;;;;;
4719331551216;RATON GAMING GIGABYTE AORUS M2;4;;;;;
5412810289462;CABLE COAX. NEDIS 100dB 2.0 M B;4;;;;;
8436586743208;PACK ERGO AIRPADDING SUBBLIM PU;4;;;;;
8425490141019;RADIO CONSTRUCCIÓN SOGO SS-8885;4;;;;;
8018417535680;FUNDA SBS INSTINCT MAG S26 UL N;4;;;;;
45496337445;CONSOLA SWITCH 2+POKOPIA;4;;;;;
8544992787973;ACON.PORT ARTICA AAP12 ARTICA;4;;;;;
8806096768419;TELEVISOR LG 55NU8E0B3LA NANO;4;;;;;
8700216018913;ACC. ORALB EB50 9 FFS  ORAL-B;3;;;;;
198157072022;"MONITOR LENOVO 27"" UNI LENOVO";3;;;;;
8414234747006;PLACA INDUCCION TAURUS I6031MT;3;;;;;
8434847071176;MANOS LIBRES COOL MIDWAY NEGRO;3;;;;;
8434847082271;MANOS LIBRES COOL MIDWAY BLANCO;3;;;;;
8425160337902;SANDWICH. KUKEN 33790 750W GRIL;3;;;;;
8806096768020;TELEVISOR LG 65NU8E0B3LA NANO;3;;;;;
4711085946690;AURICULARES GAMING XPG PRECOG;3;;;;;
8436586743819;STYLUS PEN IPAD SUBBLIM;3;;;;;
8436586743697;MOCHILA SUBBLIM N. XPAND NEGRA;3;;;;;
8436626171220;CLIMATIZADOR EVAP. ARTICA ACL60;3;;;;;
8018417465703;AURICULAR SBS JACK PRISM NEGRO;3;;;;;
5412810289486;CABLE COAX. NEDIS 100dB 5.0 M B;3;;;;;
8422160059704;CENTRO PLANCHADO UFESA ABSOLUTE;3;;;;;
8400250027871;IBERJET - EPSON 18 XL NEGRO;3;;;;;
5901292529048;MONITOR TCL 25G54 MINILED 144HZ;3;;;;;
5601545022202;BATIDORA VASO FLAMA 2253FL;3;;;;;
5055374716908;TFNO FIJO MOTOROLA DOT 201 NEGR;3;;;;;
8018417489532;SOPORTE SBS MOVIL AJUSTABLE;3;;;;;
45496428327;SW POKEMON ARCEUS;3;;;;;
8700216457118;RECAMBIO ORALB IO RADIANT WHITE;3;;;;;
8806095463339;BARRASONIDO SAMSUN UNI SAMSUNG;3;;;;;
45496321383;SWITCH 2 JOY-CON WHEEL 2UDS;3;;;;;
45496321437;SWITCH 2 CARRYING CASE+PROTECTO;3;;;;;
45496321376;SWITCH 2 JOY-CON CHARGING GRIP;3;;;;;
8050162353867;LOCALIZADOR NILOX RING TRACKER;3;;;;;
4008928379723;SOPORTE TV VIVANCO WM 37972;3;;;;;
6923410730630;AURICULAR PHILIPS SHK2000 MORAD;3;;;;;
45496427757;SWITCH MARIO GOLF SUPER RUSH;3;;;;;
8410171300649;FREIDORA ELCO PF3006;3;;;;;
889698573719;FUNKO POP CANDYMAN BLOODY;3;;;;;
8434847041094;CABLE CARGA XIAOMI MI BAND 5;3;;;;;
889698402101;FUNKO POP ARTEMIS FOWL;3;;;;;
8018417234712;Manual SCART switche;3;;;;;
8400250633133;IBERJET - EPSON 603XL AMARILLO;3;;;;;
889698544696;FUNKO POP VIRGIN ANDY W/ OSCAR;3;;;;;
8437015957449;SPLIT DE BAÑO DE 2000W;3;;;;;
9400006112775;RECARGA DIGIMOBIL 20;3;;;;;
889698443746;FUNKO POP ROMAN SIONIS;3;;;;;
889698508148;FUNKO MISTERY SNOWBALL HARRY;3;;;;;
889698475341;FUNKO POP ADAM WARLOCK EXC;3;;;;;
889698837538;FUNKO POP MILES MORALES IRON SP;3;;;;;
5412810266319;TARJETA DE SONIDO NEDIS;3;;;;;
8421078038870;CAFETERA TERMO JATA JECA1800;3;;;;;
8021735195573;PULSERA UNIVERSAL BLANCA CELLY;3;;;;;
4963505731441;ESTUFA TOYOTOMI ZIBRO LC 2130;3;;;;;
8433766160404;BATIDORA VASO SOLAC  BV5728;3;;;;;
4047443436900;HUB USB 2.0 4 PUERTOS HAMA NEG;3;;;;;
8433766010556;CEPILLO EXPERT ION BRUSH SOLAC;3;;;;;
4047443436887;HUB USB 3.1 4 P + AD USBC HAMA ;3;;;;;
8544992679483;FRICOM. ARTICA AEFC188601EDX 18;3;;;;;
4009835171639;ALBUM FOTOS 10X15 100 FIRST FRI;3;;;;;
4008496873340;PLANCHA PELO REMINGTON S9100;3;;;;;
4548736142374;AURICULARES SONY WHCH520B BT BL;3;;;;;
6942351430263;TELEVISION HISENSE 50A6S ;3;;;;;
6957939000677;MERCUSYS HALO H30G (2-PACK);3;;;;;
8806099134228;TELEVISION SAMSUNG TU65M73H;3;;;;;
8018417503627;CABLE ALIMENTACION VIVANCO 3M;3;;;;;
6972576182418;SMARTWATCH HIFUTURE LUME PRO T;3;;;;;
4718006457747;USB 3.2 HP 128GB X206C-A OTG ;3;;;;;
6972576182425;SMARTWATCH HIFUTURE LUME PRO V;3;;;;;
8018417526275;POWERBANK SBS 3000 MAH+LUZ MOSQ;3;;;;;
6976454831153;TELEVISION HAIER H65S80EUX QLED;3;;;;;
8711658525952;TOSTADOR PRINCESS 142340 1R INO;3;;;;;
7500435225090;DEPILADORA BRAUN SE7-081 WET&DR;3;;;;;
8806099054687;"TV SAMSUNG 27"" TU27F6005F FHDBT";3;;;;;
3121040097199;CORTAPELO ROWENTA TN9610 11EN1 ;3;;;;;
4711387194225;MONITOR ASUS VZ27EHF FHD NG;3;;;;;
725882063195;SMARTWATCH POLAR HOOK & LOOP;3;;;;;
8431305034179;FUNDA BLACKFIRE DELUXE SWITCH 2;3;;;;;
4047443434821;ADAPTADOR AUDIO JACK 3,5 90 2XJ;3;;;;;
4047443440358;CABLE ANTENA M-H 90 90 DB 1,5 M;3;;;;;
4047443440365;CABLE ANTENA M-H 90 90 DB 3,0 M;3;;;;;
4047443434319;CABLE AUDIO 2RCA M - 2RCA M 1,5;3;;;;;
4047443438775;CABLE AUDIO JACK 3,5 5 M;3;;;;;
4047443433886;CABLE ANTENA M-H 100DB 1,5M TEC;3;;;;;
4047443431660;ADAPTADOR AUDIO JACK 3,5MM M;3;;;;;
8006023332113;MELICONI BASE WASH EVO;3;;;;;
4047443439895;CABLE ANTENA M-H 120DB 3,0M PRO;3;;;;;
4015588232060;TENSIOMETRO MEDISANA BRAZO BU95;3;;;;;
5901292525798;TELEVISOR TCL 65C6K UHD MINILED;3;;;;;
8007403118471;MOLDEADORAIR GH20 BELLISSIMA ;3;;;;;
6940056193674;TECLADO+RATON RAPOO 8000M BT;3;;;;;
45496312558;SWITCH2 BRAVELY DEFAULT FLYING;3;;;;;
3838782640889;LAVAVAJILLAS HISENSE HS622E10W;3;;;;;
3328170001236;TIRA DE LED KONIX SMART NEON 3M;3;;;;;
4047443438652;CABLE AUDIO JACK 3.5-3.5 90 0,7;3;;;;;
4047443434258;CABLE VIDEO HDMI 4K 1.5M PRIME;3;;;;;
4047443434326;CABLE AUDIO 2 RCA M 2 RCA M 3M;3;;;;;
4047443441454;DISTRIBUIDOR ANTENA 1M -2H FM T;3;;;;;
4047443438676;CABLE AUDIO JACK-JACK 90 0,5 M;3;;;;;
9120072375279;POWERLINE STRONG PLWF600TRIEUV2;3;;;;;
8018417499364;POWERBANK SBS 10000 MAH ;3;;;;;
8018417293948;POWERBANK SBS 20000 MAH + CABLE;3;;;;;
4895252507348;HOME SECURITY WI-FI CAMERA TP-L;3;;;;;
4047443506054;ADAPTADOR VIDEO HDMI 8k;3;;;;;
4047443508652;CABLES ORGANIZ ESPIRAL 2.5 7.5M;3;;;;;
8806084391957;LVD. LG F4WR5509A1W 9K 1400 LG;3;;;;;
4711474233653;TABLET ACER ICONIA TAB ACER;3;;;;;
8436587975752;TECLADO+RATON+ALFOM+AU KROM;3;;;;;
5601545009340;TOST. FLAMA 939FL 980W 1R LARGA;3;;;;;
3536403404369;MEMORIA USB PNY 32GB EDICIO PN;3;;;;;
8436542860437;TELEFONO DECT SPC 7334N KEOPS;3;;;;;
5412810265572;ADAP. NEDIS JACK 3,5-3,5 M / H;3;;;;;
3303170100325;WEBCAM TNB INFLUENCE  HD;3;;;;;
3303170101476;ANILLO LUZ LED TNB SMARTPHONE;3;;;;;
8435568401549;VAPORETA DE MANO ORBEGOZO LV358;3;;;;;
8436606906583;HINCHADOR RUEDA YOUIN MA1023;3;;;;;
9120072375231;ADAPTADOR PLC STRONG TRIPLEPACK;3;;;;;
4711387871454;MONITOR ASUS VG249QE5A;3;;;;;
8426156018966;MICROONDAS GRUNKEL MWG-20MG;3;;;;;
8433766201336;CAFETERA SOLAC TASTE SLIM EXPRE;3;;;;;
8018417465758;AURICULAR SBS USB C TUBB BLANCO;3;;;;;
8425703082337;ACCESORIOS PICADORA ELMA;3;;;;;
884962894507;CARTUCHO HP 301 TRICOLOR;3;;;;;
4960999974491;CARTUCHO CANON PG-545 BK XL;3;;;;;
8426156019383;DESHUMID. GRUNKEL DH-10DT 10 LI;3;;;;;
8426156019390;DESHUMID. GRUNKEL DH-16DT 16 LI;3;;;;;
8434778041279;HORNO TEKA HBB6375 MF  TEKA;3;;;;;
196337461918;PORTATIL HP 15S FQ2164NS 4/128;3;;;;;
8018417253072;AURICULARES SBS MIX 100 ACE LIG;3;;;;;
8018417427459;AURICULAR SBS FLOXY 2.0 NEGRO;3;;;;;
8018417343803;AURICULARES SBS ST MIX 65C  BLA;3;;;;;
4894461787978;SMARTPHONE TCL 60 SE 8/512 WHIT;3;;;;;
4894461787961;SMARTPHONE TCL 60SE 8/512 BLACK;3;;;;;
4008928460988;CABLE AUDIO VIVANCO JACK 0,75 M;3;;;;;
4008928460308;CABLE VIVANCO JACK 2XRCA 1,5 M;3;;;;;
8712836991996;CREPERA TRISTAR BP2627 30CM 120;3;;;;;
8421078038771;BATIDORA JATA JEBT1788;3;;;;;
8018417507755;REMOTE CONTROL PHILIPS;3;;;;;
5030948125331;PS4 EA SPORTS FC26;3;;;;;
6921081596937;LVD. HAIER HW90BP14939 HAIER;3;;;;;
8711658530567;ARROCERA PRINCESS 271148 1,8L 7;3;;;;;
4047443442598;CABLE HAMA RJ45  CAT6 3M;3;;;;;
8018417500169;GLASSES WIRELESS EARBUDS, MICRO;3;;;;;
10942223467;CAFET. KRUPS EA8170 ARABICA ;3;;;;;
5715492199051;ASPI. ESCOBA NILFISK EASY BLACK;3;;;;;
45496479053;SWITCH MINECRAFT LEGENDS DLX;3;;;;;
8436530113040;MINI LECTOR TARJETA SVEON;3;;;;;
8436046489790;SOPORTE PIE CRISTAL SOP S55;3;;;;;
8436589071841;HORNO PIROLITICO TEIDE 4008X;3;;;;;
5908267930137;TARJETA MICRO SD GOODRAM 16 GB;3;;;;;
9400006758195;RECARGA LEBARA BONO 10;3;;;;;
4210201432593;AFEITADOIRA BRAUN 51-M1000S;3;;;;;
8018417482540;FUNDA SBS AJUSTADA IPHONE 16 PL;3;;;;;
8018417482144;FUNDA SBS INSTINCT IPHONE 16 PL;3;;;;;
8018417482281;FUNDA SBS MAGSAFE PARA IPHONE 1;3;;;;;
8018417481918;FUNDA SBS TAPA IPHONE 16 PLUS N;3;;;;;
8018417468094;SOPORTE SBS WIRELESS 15W;3;;;;;
8018417499449;FUNDA SBS GALAXY A36/GALAXY A56;3;;;;;
8018417501715;FUNDA SBS PARA SAMSUNG S25+;3;;;;;
8018417498268;FUNDA SBS INSTINCT GALAXY S25+;3;;;;;
4008928462074;CABLE ESPIRAL JACK VIVANCO;3;;;;;
4008928461435;CONVERSOR VIVANCO DIG - ANAL;3;;;;;
8018417299018;SBS FAST SKIN SHEET IRON SHELL;3;;;;;
8018417490156;AURICULAR SBS GO PODS ROJO;3;;;;;
3700171613463;TELEFONO ALCATEL TEMPORIS T10;3;;;;;
889698497169;FUNKO POP PHASTOS;3;;;;;
3046627719588;CABLE NEDIS USB C - SILVER;3;;;;;
3601010082184;°CO+ BATIDORA VARILLA/AMASADOR;3;;;;;
3601029947795;SE CAFETERA INOX 1000W;3;;;;;
8431305032007;SOPORTE  RECARGA BLACKFIRE PS5;3;;;;;
4008928480740;ADAP.  ANTENA VIVANCO 2 M - 1 H;3;;;;;
4008928481242;CABLE ANTENA VIVANCO 100 DB 1,5;3;;;;;
8018417500695;FUNDA SBS INST. GALAXY A26 AZUL;3;;;;;
4008928471571;CABLE ADAP. VIVANCO HDMI/2HDMI;3;;;;;
4008928481075;SET CONEXION ANTENA VIVANCO;3;;;;;
4008928470765;ADAPTADOR VIVANCO HDMI-HDMI;3;;;;;
4008928460131;CABLE AUDIO VIVANCO 2 RCA 2.5 M;3;;;;;
4008928418262;CABLE AUDIO OPTICO VIVANCO 1,2M;3;;;;;
889698498371;FUNKO POP EVEL KNIEVEL W/CAPE;3;;;;;
889698537599;FUNKO LLAVERO SHANG-CHI;3;;;;;
8414234606471;TOSTADOR MY TOAST TAURUS;3;;;;;
8806097286936;"TV  75"" TU75U7025F CRY SAMSUNG";3;;;;;
4897116931801;CAMARA KODAK DIGITAL R KODAK;3;;;;;
6940056130501;RATON RAPOO M610 1600 DPI;3;;;;;
8421078036388;PLANCHA COCINA JATA JEGR2851;3;;;;;
190780570999;CARTUCHO HP 303 - COLOR;3;;;;;
8425490133762;ESPUMA CALENTADOR DE LECHE SOGO;3;;;;;
3303170099926;ALTV + AURIC BT SOUND BOX;3;;;;;
8432426452392;AUR INALAM ECO ENERGY;3;;;;;
8690842787218;SECADORA BEKO BM3T38230WB 8K DS;3;;;;;
8806096090701;MONITOR LG 24GS50F-B GAMING FHD;3;;;;;
5901969425376;VOLANTE/PEDALES GENESIS SEABORG;3;;;;;
45496313555;SWITCH2 HYRULE WARRIORS AGE OF ;3;;;;;
8018417474910;AURICULAR SBS M HERO TWS HYDRA;3;;;;;
8018417462757;AURICULAR SBS JAZ OWS AIR BLAZE;3;;;;;
9120072372155;ADAPTADOR PLC STRONG P STRONG;3;;;;;
5060703494778;PLANCHA GHD PLATINUM+WHITE;3;;;;;
3121040094808;ASPI. TAPIC IN5012 CLEAN ROWENT;3;;;;;
8007403168698;ALMOHADILLA DAGA CER 16869;3;;;;;
5021290090866;PS5 FINAL FANTASY VII REMAKE;3;;;;;
5030934125406;PS5 BATTLEFIELD 6;3;;;;;
8414234739995;FREIDORA TAURUS AIR FRY DIG. 7S;3;;;;;
8436586742836;FUNDA SUBBLIM NEOPRENO TRENDY;3;;;;;
8422160061202;BATID. UFESA SUNSET 1500W C/A;3;;;;;
4242006321444;LAVAVAJILLAS BALAY 3VS5332IP ;3;;;;;
8422160050282;PLANCHA UFESA PV3700 VITORIA 30;3;;;;;
3121040091531;PLANCHA VERTICAL ROWENTA DR2023;3;;;;;
3045385783381;PANIFICADORA MOULINEX PAIN DORE;3;;;;;
5055060931684;PS4 RESIDENT EVIL 6 HD;3;;;;;
45496420925;SWITCH SUPER MARIO ODDYSSEY;3;;;;;
3303170049761;CASCOS PARA TV CON 8m DE CABLE ;3;;;;;
8004399230149;ESTUFA GAS DELONGHI VBF2;3;;;;;
3303170088814;RECEPTOR Y TRANSMISOR TNB TV;3;;;;;
3303170075951;MINY  MM240W  Wireless OPT. BL;3;;;;;
8400250057397;IBERJET -  EPSON 29 XL CYAN;3;;;;;
8400250057427;IBERJET -  EPSON 29 XL MAGENTA;3;;;;;
8400250057458;IBERJET -  EPSON 29 XL YELLOW;3;;;;;
8713016071347;MULTICAZUEL PRINCESS CHEF PRO;3;;;;;
8421078021742;FREIDORA JATA FR 326 E;3;;;;;
8422160061646;MOLDEADOR UFESA PRO GLAM SILK;3;;;;;
8432390033764;SMART. MOTOROLA G15 8/512 GREY;3;;;;;
8806088923529;LVJ. SAMSUNG DW60M6040 SAMSUNG;3;;;;;
4547410364866;RECAMBIO FUJI INSTAX MINI 2X10;3;;;;;
45496430566;JOY-CON SET IZQ/DCHA AZUL/ROJO ;3;;;;;
8414234351081;E. TÉRMICO TAURUS PERSIA 1000W;3;;;;;
3700789509349;LEDWOOD PACK AURIC+SMARTBAND B;3;;;;;
8006540771501;CEPILLO ORAL B PRO 1 PINK EB50R;3;;;;;
8006540771457;CEPILLO ORAL B PROSERIES1;3;;;;;
5412810322572;MANDO A DISTANCIA PROGRAMABLE 4;3;;;;;
5035224121748;PS4 PVZ BATTLE FOR NEIGHBORVILL;3;;;;;
8433766000618;SECADOR SOLAC EXPERT 2400;3;;;;;
5035225125110;PS5 EA SPORTS FC24;3;;;;;
3303170106358;RATON TNB KIDS COLORED;3;;;;;
8544992603860;MICR. ARTICA AMW2040DW 20L DSP ;3;;;;;
8544992679476;COMBI ARTICA AEFC188600EDW NF;3;;;;;
3030050162295;CORTAPELO BABYLISS 7756PE CON O;3;;;;;
3046627722694;D. DURO BLEXTER SSD M2 256MB EX;3;;;;;
195697147012;MOCHILA HP PRELUDE HASTA 16,5;3;;;;;
192545863971;PACK HP 303 - NEGRO + COLOR;3;;;;;
5026555435994;PS4 NBA 2K24 KOBE BRYANT;3;;;;;
8436618551948;BATIDORA AMASADORA ORYX  EEL131;3;;;;;
8411922448566;ESPUMADOR LECHE IBILI 778110 2X;3;;;;;
3701529516382;PS5 SIFU;3;;;;;
8436046489820;SACACORCHOS ELEC FERSAY -SCE210;3;;;;;
8410171120339;VENTILADOR ELCO PV1203C;3;;;;;
3303170124253;KARAOKE TNB BLUETOOTH AZUL;3;;;;;
8435430625974;ALTAVOZ NGS WILDSWAGGO;3;;;;;
8806096534601;"MONITOR LG 29"" 29U511A LG";3;;;;;
3121040093368;ROWENTA DETERGENTE XD5310 TAPIC;3;;;;;
8021098003959;BATID. BRAUN MQ55236MBK 1000W C;3;;;;;
5055374703038;TFNO. MOTOROLA VOICE E211;3;;;;;
8718863046296;"TV PHILIPS 50"" 50PUS8010 UH PH";3;;;;;
889698803625;FUNKO POP SUPER SAIYAN VEGETA G;3;;;;;
8021735224754;SMART BAND NILOX ONAIR BLACK;3;;;;;
8021735224747;SMART BAND NILOX ONAIR BLUE;3;;;;;
8021735224778;SMART BAND NILOX ONAIR PINK;3;;;;;
8806091585899;"TV LG 27"" 27TQ615SPZ FHD NEGRO ";3;;;;;
4012386081203;CABLE EUROCONECTOR FERSAY;3;;;;;
8425490134004;BASCULA SOGO BAC-SS-3985;3;;;;;
4260557512357;DISCO DURO EXTERNO TOSHIBA 2TB;3;;;;;
8018417533310;FUNDA SBS XIAOMI REDMI 15C;3;;;;;
6932554444860;SMARTPHONE REDMI 15C 4/128 NEG;3;;;;;
6944762701482;TELEFONO QUBO ST-001;3;;;;;
8886419332251;RATON RAZER ATHERIS 7200 DP RA;3;;;;;
5051893243413;PS5 HARRY POTTER QUIDDITCH;3;;;;;
3391892003666;PS4 DARK SOULS TRILOGY;3;;;;;
8018417463884;CABLE CARGA/DATOS SBS MALLA 2M;3;;;;;
8018417335150;CABLE SBS TRENZADO LIGHTNING 1M;3;;;;;
8018417264511;CABLE SBS LIGHTNING TIPO C 2 M;3;;;;;
8018417161629;SOPORTE SBS SBS COCHE 5,5 PULG;3;;;;;
8700216373470;REC ORALB IO ULTIMATE CLEAN BLA;3;;;;;
4210201439141;DEPILADORA LASER PL1124 BRAUN;3;;;;;
8435484043212;PACK BOQUILLAS IRRIGADOR CECOTE;3;;;;;
193575000893;ALTAVOZ INT GOOGLE NEST MIN CAR;3;;;;;
9400005782788;AMAZON RECARGA 10 EUROS;3;;;;;
7427004613143;CARGADOR BLEXTER USB-C 45W;3;;;;;
840023285004;SMARTPHONE MOTOROLA G15 IGUANA;3;;;;;
8059019102085;ENCIMERA HAIER HAI63DC IND;3;;;;;
6942351402819;"TV HISENSE 55"" 55E7NQ  HISENSE";3;;;;;
5706751067235;PANEL SOLAR DENVER SOP-10200;3;;;;;
6941812737071; XIAOMI REDMI BUDS 6  PLAY BLUE;3;;;;;
8435484032629;PALOMITERA FUN&TASTE CECOTEC;3;;;;;
8425490134431;BATIDORA RESPO SOGO BAT-SS-1450;3;;;;;
8436626170414;CALEFACTOR ARTICA ACTV2000;3;;;;;
8806095823003;SMARTPHONE SAMSUNG A16 GREEN;3;;;;;
5412810420438;CABLE NEDIS OPTICO 1.0 M;3;;;;;
4047443370457;RATON HAMA 00182600 MC-100;3;;;;;
8435719602245;LECTOR TARJETAS TF+SD USB A-C  ;3;;;;;
8011000040738;RADIO TREVI SOLAR RA7F30BT;3;;;;;
8011000040530;RADIO PORTATIL TREVI 7F80 BT;3;;;;;
8720689024686;AFEITADORA PHILIPS S1151;3;;;;;
3121040088593;PLANCH VERTICAL ROWENTA DR2026D;3;;;;;
6941812791585;REDMI WATCH 5 ACTIVE MID.BLACK;3;;;;;
8434847048499;LAMPARA LED+QI BLANCA;3;;;;;
8434847054865;LAMPARA LED+QI NEGRA;3;;;;;
3303170113219;RATON TNB RECAR. GRADIENT ROSA;3;;;;;
3303170115657;LECTRO TARJETAS TNB READERSD;3;;;;;
3303170121146;ALF + RAT TNB EXCLUSIV' DAISY;3;;;;;
8435051159001; ROLLO LINE+ 20X600 CM ELMA;3;;;;;
5412810267200;ADAP. CORRIENTE UNIVERS ACPA006;3;;;;;
6940056129857;KIT RAT + TCL RAPOO 9010M WHITE;3;;;;;
4047443370396;RATON HAMA EMW-500 ERGONOMICO;3;;;;;
4047443472014;"MALETIN HAMA FLORENCE 15,6""";3;;;;;
6940056130877;KIT RAT + TCL RAPOO X1500;3;;;;;
6940056130884;TECLADO + RATON RAPOO NX1500;3;;;;;
8436624420115;AURICULARES COOLBOX BLANCO;3;;;;;
3221616118331;ROBOT ROWENTA RR85E1 75S+ NEO ;3;;;;;
3121040095942;SECADOR ROWENTA CV7D30;3;;;;;
6902176136474;SMARTPHONE ZTE V70 MAX 4/256;3;;;;;
8436626171145;H. SOBREMESA ARTICA FLOWBAKE58;3;;;;;
8436626171121;H. SOBREMESA ARTICA FLOWBAKE30;3;;;;;
8436626171114;H. SOBREMESA ARTICA FLOWBAKE22;3;;;;;
3221616137196;ESCOBA ROWENTA RH6929WO;3;;;;;
3303170117613;AURICULAR TNB TONALY LILA;3;;;;;
3303170117620;AURICULAR TNB TONALY VERDE;3;;;;;
6941812736579;AFEITADORA XIAOMI S101 NEGRA;3;;;;;
8018417537165;FUNDA SBS ICON SAMSUNG S26;3;;;;;
8018417524462;FUNDA SBS SKINNY IPHONE 17 ;3;;;;;
3665962028157;FUNDA NACON SWITCH 2 NEGRA;3;;;;;
8436587972225;SILLA GAMING DRIFT DR275 CLOUD;3;;;;;
5901969449815;SILLA GAMING FURY SHINAI S4;3;;;;;
3121040096444;CENTRO PLANCHADO ROWENTA VR4210;3;;;;;
8414234446893;VENTILADOR TAURUS GRECO 16CR EL;3;;;;;
8436618552280;BATIDORA ORYX EEL1266C;3;;;;;
8436618551795;BATIDORA ORYX EEL1266A;3;;;;;
8427561015373;VENTILADOR BOX FM BF4 30CM 5A 4;3;;;;;
5055374714546;TELEFONO MOTOROLA SENIOR CD5001;3;;;;;
5706751068614;ALTAVOZ DENVER BPS-250;3;;;;;
6972576182456;SMARTWATCH HIFUTURE EDGE BLACK;3;;;;;
6972576182463;SMARTWATCH HIFUTURE EDGE BROWN;3;;;;;
8436626171619;VENT. TECHO ARTICA AVTECH36BM;3;;;;;
8436618552099;MINIVENTILADOR ORYX EEL1245;2;;;;;
6972576182470;SMARTWATCH HIFUTURE EDGE PURPLE;2;;;;;
6941764486225;SMARTPHONEREALME C100 5G GREEN;2;;;;;
8435364320747;PROYECTOR IGGUAL IGG321003+LONA;2;;;;;
8436542859301;E-BOOK SPC 5613N DICKENS LIGHT;2;;;;;
3760265541959;CAMARA AGFA CAMARA DC5200 PURPL;2;;;;;
4895232710553;ALTAVOZ REDBULL FORCE RB-SK250;2;;;;;
3665962028317;FUNDA NACON SWITCH 2 AZUL;2;;;;;
8436618552334;RIZADOR DE PELO ORYX EEL1314B;2;;;;;
8436618552297;BATIDORA ORYX EEL1266D;2;;;;;
6957939004057;MIFI MERCUSYS MT115 4G LTE;2;;;;;
8436609913458;TABLET SPC GRAVITY 6 4/128 AZUL;2;;;;;
8436609913465;TABLET SPC GRAVITY 6 4/128 ROSA;2;;;;;
6932392831426;SWITCH IP- COM G1005 5-PORT;2;;;;;
6932849426700;ADAPTADOR WIFI TENDA AX1800;2;;;;;
4047443506214;AURICULARES HAMA BT700;2;;;;;
8606018858873;HORNILLO TESLA INDUCCION 2000W;2;;;;;
5026555072601;SWITCH2 NBA 2K26;2;;;;;
4047443503497;LAPIZ OPTICO HAMA EASY BLACK;2;;;;;
3121040094365;PLANCHA PELO ROWENTA SF5120;2;;;;;
3121040084991;MOLDEADOR ROWENTA CF422L;2;;;;;
8436579443382;CAMARA CELESTIA SNAPCAM;2;;;;;
4711387871508;MONITOR ASUS VG279QE5A;2;;;;;
8436624420108;AURICULARES COOLBOX NEGRO;2;;;;;
4061275247497;PORTATIL MEDION MD600014ES;2;;;;;
199272006909;LENOVO V15 G5 I3-1315U 16/512;2;;;;;
5603311026353;MANDO SWITCH+2 JUEGOS GARFIELD;2;;;;;
5603311026360;MANDO SWITCH+2 JUEGOS THE SMURF;2;;;;;
5412810267156;ADAP. CORRIENTE UNIVERS ACPA002;2;;;;;
6934177749094;XIAOMI SMART SPEAKER IR CONTROL;2;;;;;
8436017659962;BASCULA BAÑO JATA 290N;2;;;;;
8436607610656;ENVASADORA ALFA AL4451;2;;;;;
6941876232918;CARG. VIVANCO MÓVIL ROBOT 65 RO;2;;;;;
6941876238552;CARG. VIVANCO MÓVIL ROBOT 65 AZ;2;;;;;
3303170116098;RATON WAY OPTICAL BLACK;2;;;;;
3303170116104;RATON WAY OPTICAL WIRELESS BL;2;;;;;
8714574679648;CANON PG-510/CL-511 PACK+PAPEL;2;;;;;
8414234022301;CORTAPELOS TAURUS NIXUS TITANU;2;;;;;
8414234472755;CONVECTOR TAURUS CLIMA TURBO;2;;;;;
4242006315474;HORNO BALAY 3HB4131X3 71L;2;;;;;
8435719612534;CABLE USB C A LIGHTNING 30W 1M;2;;;;;
8433766540152;DESHUMIFICADOR SOLAC DH8966;2;;;;;
5412810265169;CABLE NEDIS OPTICO 2.0 M;2;;;;;
8806096011249;"TV LG 55"" 55QNED87T6B";2;;;;;
8806095473352;BARRA SONIDO SAMSUNG HWS700D;2;;;;;
8001090917577;CEPILLO ORAL CROSS ACTION ROSA;2;;;;;
8421078036463;ALMOHADILLA JATA JCAE5220;2;;;;;
8436626170438;CALEFACT. ARTICA ACCER2000 2000;2;;;;;
9120096774362;CAMARA INSTANT. POLAROID GO G2;2;;;;;
8426156018775;MICROONDAS GRUNKEL MW-28AIRFRY;2;;;;;
3391891997362;PS4 DARK SOULS REMASTERED;2;;;;;
8414234489326;ASPI COLCHON TEXTILE CARE TAURU;2;;;;;
8436622430079;TERMO FAGOR M50 N2 50l;2;;;;;
5706751045349;ESTACION METEO DENVER WS-530;2;;;;;
8422160044410;SANDWICH. UFESA SW7400 1400W 4 ;2;;;;;
840023284977;SMARTPHONE MOTOROLA G15 TORNADO;2;;;;;
7427004613105;CARGADOR BLEXTER USB-C 60W;2;;;;;
8700216612258;DENTAL ORALB IO2 VERDE CON FUND;2;;;;;
5026555431880;PS5 GTA V;2;;;;;
4047443490964;AUR. DEPORTIVO HAMA SPIRIT BLAN;2;;;;;
4242006289034;ENCIM. IND. BALAY 3EB865ERS;2;;;;;
45496424862;SW POKEMON ESCUDO;2;;;;;
8400250034954;IBERJET - CANON PG513 COLOR;2;;;;;
8400250022784;IBERJET - HP 342 COLOR;2;;;;;
4242005285365;PLACA BOSCH PUJ631BB5E INDUC;2;;;;;
8435484095624;DISPENSADOR PUMBA 1600 CECOTEC;2;;;;;
8435484095648;TRANSPORTIN PUMBA 1800 CECOTEC;2;;;;;
8435596215934;PLACA IND NEW POL NW3IND.K2;2;;;;;
9400006310850;RECAMBIO FILTRO 16115FLHPASP SO;2;;;;;
8434847051963;CRISTAL TEMP. CAMARA IPHONE 12;2;;;;;
8434847051970;CRISTAL TEMP. CAMARA IPHONE 12P;2;;;;;
619659184339;SSD PORTABLE SANDISK 3.0 480GB;2;;;;;
193575000800;ALTAVOZ INT GOOGLE NEST MIN TIZ;2;;;;;
889698559126;FUNKO POP CAD BANE 2022 SP;2;;;;;
889698676052;FUNKO POP GREEN GOBLIN;2;;;;;
3016661163791;PICADOR MOULINEX DJ5201;2;;;;;
45496427603;SWITCH DC SUPER HERO GIRLS;2;;;;;
5412810331208;ADAPTADOR NEDIS USBC - VGA;2;;;;;
8806084564221;LAVASECADORA LG F2DR5S09A1W;2;;;;;
7500435225052;DEPIL. BRAUN SE5-011 PRECISA WE;2;;;;;
8414234004000;CURLY 800 IONIC TAURUS;2;;;;;
5055060905883;PS5 RESIDENT EVIL 3 REMAKE;2;;;;;
8410171212485;ALTAVOZ ELCO PDT-2124;2;;;;;
8806096397985;ALTAVOZ LG XBOOM D UNI LG;2;;;;;
8806084563262;LVD.SEC. LG F4DR6010A0W;2;;;;;
8806095219738;LVJ. SAMSUNG DW60CG550FWQET;2;;;;;
8018417162121;SOPORTE SBS COCHE PARABRISAS;2;;;;;
8018417248931;SOPORTE SBS UNIVERSAL TELÉFONO;2;;;;;
889698863483;FUNKO POP ROCKS GHOST PAPA EMER;2;;;;;
6944762700850;TELEFONO QUBO D-1803RD;2;;;;;
8425490130532;AFILA CUCHIL ACU-SS-13500 SOGO;2;;;;;
8421078038214;SANDWICHERA JATA JESW1551;2;;;;;
6932554455484;SMARTPHONE REDMI 15C 4/128 VERD;2;;;;;
622356260732;SECAD  MOLDEAD FLEXSTYLE 1 HD44;2;;;;;
8059019040349;LVD.SEC. CANDY COW4854TWM61S 8/;2;;;;;
6944762700867;TABLET QUBO T106 4G 6/128;2;;;;;
8544992625480;CONG.VERTICAL ARTICA AECV8555W;2;;;;;
5412810419449;REGLETA NEDIS SMARTLIFE;2;;;;;
8434127501003;CASCO YOUIN MA1017 LUZ FRONTAL ;2;;;;;
8021735224761;SMART BAND NILOX ONAIR SILVER;2;;;;;
8806097651239;SMARTPHONE SAMSUNG A17 4/128 GR;2;;;;;
8806097651192;SMARTPHONE SAMSUNG A17 4/128 NE;2;;;;;
4549292198201;MULTIFUNCIÓN CANON PIXMA TS5350;2;;;;;
811949037749;PS5 FUNKO FUSION ;2;;;;;
5056635609533;PS5 TOMB RAIDER 1-3 REMASTERED;2;;;;;
198158140997;PORTATIL LENOVO SLIM3 15IRH8I I;2;;;;;
8806097855040;TABLET SAMSUNG TAB A11+ X230 G;2;;;;;
4047443537133;HAMA MOCHILA PORTATIL 39 CM;2;;;;;
8436626170575;CAMPANA ARTICA ASLIDE60BN;2;;;;;
6972596107446;SMARTWATCH AMAZFIT BAL AMAZFIT;2;;;;;
8435484095631;FUENTE CECOTEC MASCOTAS WIFI;2;;;;;
8436587973840;SILLA DRIFT DR90 PRO GRIS-ROSA;2;;;;;
8410171012207;VENTILADOR ELCO PV12BF;2;;;;;
9400007608765;BOTELLERO 3  ARTICA AF1P14450EW;2;;;;;
8436626170797;SOPORTE TV GENIUM ART GSPART65;2;;;;;
8690842720772;COMBI BEKO B5RCNE416HXB;2;;;;;
8806096632901;LAVADORA LG F2X50S9TLB;2;;;;;
8690842741029;LAVAVAJILLAS BEKO BDFN05330X;2;;;;;
4211125105495;CAMA ELECTRICA BEURER MASCOTAS;2;;;;;
6932554471897;XIAOMI REDMI BUDS 8 LITE BLACK;2;;;;;
4006508223961;CAFET. MELITTA E950-877 SOLO SA;2;;;;;
3700664534039;PS5 KENA BRIDGE OF SPIRITS;2;;;;;
5030944124932;PS5 JEDI SURVIVOR;2;;;;;
6224008208280;PICADORA MOULINEX 1,2,3 AD5601;2;;;;;
8690842468308;LAVAVAJILLAS  BEKO BDFN26640XC;2;;;;;
734077090366;SMARTWATCH FIXITIME LITE ROSA;2;;;;;
4008496938353;SECADOR KERATINT DRYER REMINGTO;2;;;;;
45496479831;SW SUPER MARIO BROS WONDER;2;;;;;
8435484058629;FREGONAS FREEGO WASH;2;;;;;
8435484043359;PEDICURA BAMBA SKINCARE;2;;;;;
4960999782423;CARTUCHO CANON CL-541 COLOR;2;;;;;
6935364072766;PACK DOS ENCHUFES INTELIGENTES;2;;;;;
8720389003073;PLANCHA PHILIPS DST3040/70;2;;;;;
8021098003270;BATIDORA BRAUN MQ20.001.M;2;;;;;
45496313098;SWITCH2  POKEMON LEGENDS Z-A;2;;;;;
5031753007232;WALKIE MOTOROLA T82 TWIN PACK;2;;;;;
8690842717628;SECADORA BEKO BM3T48249W 8K BC;2;;;;;
6944762700195;TFNO QUBO P-280DBLUE;2;;;;;
5035228125353;PS5 EA SPORTS FC25;2;;;;;
8544992625459;COOLER ARTICA AF1P144550EW;2;;;;;
9400007119865;JUEGO UNIVERSAL  QUEMADOR FERSA;2;;;;;
6944762701055;TELEFONO QUBO X-240BK;2;;;;;
8427155802075;COCINA  BUTANO NEVIR NVR-CB5PHW;2;;;;;
8422160049590;CAFET. UFESA CE7238 CREAM 20B E;2;;;;;
3121040085875;PLANCHA PELO ROWENTA SF4655F0;2;;;;;
8414234469151;CALEFACTOR TAURUS Factor Connec;2;;;;;
8421078037231;RADIADOR MICA JATA JCRM2206;2;;;;;
8806086785563;SAMSUNG CAR 2A + M USB NEGRO;2;;;;;
8425490132031;PALOMITERO SOGO SS-11320-Y;2;;;;;
8544992625534;CONG.HOR ARTICA AECH2950EW 295L;2;;;;;
4974019935836;ENCIM.IND SHARP KH6I34BS00EU 3F;2;;;;;
4547410489064;CAMARA FUJIFILM INSTAX MINI12 B;2;;;;;
8006540841433;IRRIGADOR ORAL B OXYJET;2;;;;;
8544992625473;CONG.VER ARTICA AECV143550EW 14;2;;;;;
8433766187043;PLANCHA VERTICAL SOLAC NIAGARA;2;;;;;
6945764511642;ALTAVOZ/LAMPARA MIPOW OSO;2;;;;;
889698410526;FUNKO POP TUBBS;2;;;;;
725882064260;SMARTWATCH POLAR UNITE BLACK ;2;;;;;
5055374717790;TFNO MOTOROLA DECT E203 TRIO;2;;;;;
4894461775388;TABLET TCL NXTPAPER 11+ 8/256;2;;;;;
9400007532022;PLACA MICA MICROONDAS 50X40;2;;;;;
4009835178744;ALBUM FOTOS 10x15 36 SOFT TONES;2;;;;;
6976233679174;ASPI. ROBOT MOVA E20 BLANCO 135;2;;;;;
9400001937557;RECARGA LLAMAYA 10 EURO;2;;;;;
8421152069608;CAMP. TEKA DBB60I 4046 TEKA;2;;;;;
9400000106787;RECARGA MOVISTAR 5;2;;;;;
8021098773005;EXPRIMIDOR BRAUN MPZ 6/CJ3000;2;;;;;
8400250057366;IBERJET -  EPSON 29 XL BLACK;2;;;;;
8436046490338;MARCO MICRO  PARA HUECO FERSAY;2;;;;;
849803076009;FUNKO MYSTERY MINI JUEGO DE TRO;2;;;;;
8421078033776;CALIENTA LECHES JATA CL819;2;;;;;
5030947121495;PS4 ANTHEM;2;;;;;
9400005675295;KIT UNION BALAY 3AF 1810W;2;;;;;
7321422642795;LIMPIADOR ACERO ELECTROLUX;2;;;;;
3303170088142;AURICULAR TNB STREAM AZUL;2;;;;;
3303170088135;AURICULAR TNB STREAM BLANCO;2;;;;;
8425490133069;CAFETERA SOGO THERMO INOX ;2;;;;;
45496420642;SWITCH MINECRAFT NINTENDO EDITI;2;;;;;
6926474623467;IBERJET - EPSON 1284 YELLOW;2;;;;;
3121040065365;MOLD ROWENTA MULTISYLER 3 EN 1;2;;;;;
5055060931554;PS4 RESIDENT EVIL 5 HD;2;;;;;
8400250058264;IBERJET - CANON 571 XL CYAN;2;;;;;
8400250058325;IBERJET - CANON 571 XL MAGENTA;2;;;;;
8400250058356;IBERJET - CANON 571 XL AMARILLA;2;;;;;
4242006267506;LAVAV. BALAY 3VS572BP 3BAND.;2;;;;;
812313014687;STARTER PACK GIOTECK PS4;2;;;;;
888793803028;CARTUCHO HP 302 NEGRO ORIGINAL;2;;;;;
3121040091036;PLANCHA PELO SF4641 ROWENTA ;2;;;;;
4242006321437;LAVAVAJILLAS BALAY 3VS5332BP ;2;;;;;
751492681702;USB PNY 3.2 DUO LINK T. C 64 GB;2;;;;;
4987176251046;CORTAPELOS BRAUN HC5330;2;;;;;
8422160061172;CAFETERA ARONA UFESA;2;;;;;
8806090682896;PLACA SAMSUNG NZ63T3706A1 IND;2;;;;;
8435089037265;PATIN ELE.SMARTGYRO Z-ONE2 BLUE;2;;;;;
8018417328008;AURICULAR SBS HERO TWS X-BEAT P;2;;;;;
8710103985501;DENTAL PHILIPS HX3651/13 BLANCO;2;;;;;
8018417465611;AURICULAR SBS HERO TWS FLUO ROS;2;;;;;
4054278991726;ASPI. TRINEO KARCHER VC3 S/B A ;2;;;;;
8806097069225;BARRA SONIDO SAMSUNG HWB650F ;2;;;;;
731855080106;AURICULARES TURTLE BEACH 70N;2;;;;;
45496513245;SW METROID 4 BEYOND;2;;;;;
8806095700670;SW TARJETA MICROSD SAMSUNG 256 ;2;;;;;
4008928606041;AUR. VIVANCO FRESH PAIR W. WHI;2;;;;;
3307216210894;PS4 JUST DANCE 2022;2;;;;;
3307216143994;PS4 IMMORTALS FENYX RISING;2;;;;;
3016661158667;CAFE GENIO S PLUS DOLCE GUS NEG;2;;;;;
8436046489806;SOPORTE PIE CRISTAL SOP S70;2;;;;;
889698505659;FUNKO POP PHASTOS EXC;2;;;;;
889698568340;FUNKO POP MYRON AS DEMENTOR;2;;;;;
5412810264551;HDMI NEDIS HIGH SPEED 2.0 M PL;2;;;;;
3303170064658;CARGADOR UNIVERSAL TNB 90W-19V;2;;;;;
889698492768;FUNKO POP SAMURAI JACK;2;;;;;
8436626170353;EMISOR SECO ARTICA AETS900 900W;2;;;;;
6943518914640;RATON HAMA RAPOO 1 UNI HAMA;2;;;;;
6957939004897;CAMARA INT. MERCUSY MC200;2;;;;;
8435089039177;E-BOOK WOXTER SCRIBA 195 EB26-0;2;;;;;
9400007521392;PORT. REA. HP745 G6 + MAL + RAT;2;;;;;
6921081507407;LVD.SEC. HAIER HWD90BP14929A;2;;;;;
6941948705524;"TV XIAOMI 32"" A PRO 2026 HD QLE";2;;;;;
4061275233568;ALTAVOZ MEDION MD 4374 BLUE;2;;;;;
8431775035485;"MONITOR NILOX 24"" NXM2 NILOX";2;;;;;
4008928462043;CABLE TRANSMISION VIVANCO 3 M;2;;;;;
4008928481211;CABLE ANTENA HQ VIVANCO 5.0 M;2;;;;;
6941812702697;PATINETE XIAOMI SCOOTER ELITE10;2;;;;;
8018417500701;FUNDA SBS INST. GALAXY A26 NEG;2;;;;;
8018417499647;FUNDA SBS INSTINCT IPHONE 16E;2;;;;;
8018417499791;FUNDA SBS MAGSAFE IPHONE 16E;2;;;;;
8018417499494;FUNDA SBS TAPA S GALAXY A36/A56;2;;;;;
889698641890;FUNKO POP BLACK ADAM;2;;;;;
4008928480191;ADAP. DIVISOR  ANTENA VIVANCO ;2;;;;;
3601029952706;SE BATIDORA VARILLA/AMASADORA;2;;;;;
4895229106970;TELEFONO DECT PHILIPS M3501R/23;2;;;;;
45496429591;JUEGO SW NINTENDO SWITCH SPORTS;2;;;;;
889698490672;FUNKO POP & TEE HE-MAN M;2;;;;;
889698497053;FUNKO POP SERSI;2;;;;;
4008928380040;SOPORTE TV  VIVANCO BFMO 6040;2;;;;;
4008928471731;ADAP. VIDEO VIVANCO SCART- HDMI;2;;;;;
4008928422016;CABLE VIVANCO HDMI PREMIUN 2 M;2;;;;;
4008928462081;CABLE AUDIO VIVANCO EURO ANG 2M;2;;;;;
4008928460568;ALARGADOR JACK VIVANCO 2,5 M;2;;;;;
4008928460315;CABLE VIVANCO 1XJACK- 2XRMA 2,5;2;;;;;
4008928480030;CONECTOR ANTENA VIVANCO COAX P;2;;;;;
8018417498213;FUNDA SBS TAPA GALAXY S25+;2;;;;;
8433766600627;TOSTADOR SOLAC TC5306;2;;;;;
8018417158629;SOPORTE SBS COCHE VENTOSA SALP;2;;;;;
8435484085007;PLANCHA IRON 1200 MANEQUIN CECO;2;;;;;
8435484033176;FREID AIRE CECO FRY INOX 550 CE;2;;;;;
8421078037828;VENTILADOR BOX JATA JVVS31112;2;;;;;
8018417499463;FUNDA SBS GALAXY A36 / A56 AZUL;2;;;;;
8018417498114;FUNDA SBS TAPA SUA GALAXY S25 U;2;;;;;
8018417501722;FUNDA SBS GALAXY S25 ULTRA;2;;;;;
5030938124283;PS5 FIFA 23;2;;;;;
9400006758355;RECARGA LEBARA BONO 20;2;;;;;
8436586741358;MOCHILA PORT. SUBBLIM URBAN RED;2;;;;;
3303170108116;RATON TNB ECO BIOPLASTIC;2;;;;;
8425490137920;MOLINILLO SOGO MOL-SS-5234;2;;;;;
4242005348947;LVD BOSCH WUU28T63ES 8K 1400R;2;;;;;
3046627722076;D. DURO BLEXTER SSD M2 512MB EX;2;;;;;
3303170104026;PACK GAMING ELYTE PKY100 3 EN 1;2;;;;;
4008496938438;PLANCHA PELO REMINGTON S8540;2;;;;;
8018417513992;GLASSES SOLE MUSI MICROFONO, SP;2;;;;;
8059019083476;VINOTECA HOOVER HOWC023 23 BOTE;2;;;;;
8422160061394;FREIDORA AIRE UFESA STORK NEO 1;2;;;;;
711719073338;PS5 MARVELS WOLVERINE;2;;;;;
8720389041273;CAFET. PHILIPS EP2225/10 SUPERA;2;;;;;
7333394124018;ENCIM. ELECTROLUX EIT61336C BE;2;;;;;
8434778038606;ENCIM. TEKA 63215SSMBK ELECTRO;2;;;;;
5030940125322;PS5 EA SPORTS FC26;2;;;;;
8806097124405;TELEVISION SAMSUNG TQ65Q7F5;2;;;;;
8806095661902;SAMSUNG GALAXY WATCH 7 40MM BEI;2;;;;;
8421078036616;MOLDEADOR JATA JBCA1901;2;;;;;
45496429461;SWITCH CHOCOBO GP;2;;;;;
889698243162;FUNKO PESADILLA LLAVERO SURTIDO;2;;;;;
5025232885176;TELEFONO PANASONIC KX-TGC210S S;2;;;;;
3601010081453;°CO+ PLACA ELECTRICA 2M FUEGOS;2;;;;;
8436626171756;FRI. ARTICA CICLOUP172 ARTICA;2;;;;;
8690842385469;ENCIM. BEKO HII63201FM BEKO;2;;;;;
4012927102114;PS4 METAL GEAR SOLID V DEFINITI;2;;;;;
5055277049066;PS5 LIKE A DRAGON ISHIN;2;;;;;
4020628599317;PS4 RISE OF THE TOMB RAIDER 20 ;2;;;;;
5055277023813;PS4 ALIEN ISOLATION;2;;;;;
4020628574116;PS5 DEAD ISLAND 2 ULTIMETE EDIT;2;;;;;
3307216284161;PS5 STAR WARS OUTLAWS;2;;;;;
4211125605506;CEPILLO FACIAL FC-45;2;;;;;
812313014618;PROTECTOR MANDO PS4 BATERIA;2;;;;;
8018417504563;CONECTOR ANTENA KIT VIVANCO ;2;;;;;
3601029906945;SE SECADOR DE PELO PROFESIONAL;2;;;;;
6935364085438;SISTEMA TP LINK DECO E4 AC1200;2;;;;;
8018417500145;AURICULAR SBS JAZ ORION NEGRO;2;;;;;
5601545067074;FREIDORA AIRE FLAMA 651FL 6L DI;2;;;;;
8436046484306;SOPORTE TV FERSAY SOP3260 37-70;2;;;;;
8434847039107;CABLE COOL OTG TYPE-C;2;;;;;
4255781906164;TLF. GIGASET GL595 GREY TITAN;2;;;;;
4255781906171;TLF. GIGASET GL595 PEARL WHITE;2;;;;;
8436607613053;MAQUINA COSER ALFA PETIT 9PUNT ;2;;;;;
9400007659415;PORT. REAC. HP ELITEBOOK 850 G7;2;;;;;
4047443444417;CABLE RED HAMA RJ45 CAT6 10M;2;;;;;
6972576182586;ALTAVOZ HIFUTURE POCKE HIFUTUR;2;;;;;
4020628674489;PS4 CHORUS DAY ONE;2;;;;;
5021290086920;PS4 OUTRIDERS DAY ONE EDITION;2;;;;;
6972576181930;ALTAVOZ HIFUTURE POCKE HIFUTUR;2;;;;;
6941764486997;SMARTPHONE REALME C71  REALME;2;;;;;
6972576181916;ALTAVOZ HIFUTURE POCKE HIFUTUR;2;;;;;
6935364085391;EXT.TP-LINK AC1200HOME MESH WIF;2;;;;;
6957939000646;ROUTER MERCUSYS MR80X AX3000;2;;;;;
45496321406;MANDO SWITCH 2 DERECHO ROJO ;2;;;;;
8427155903383;VENTILADOR NEVIR NVR-VM40-B;2;;;;;
3328170007900;ALFOMBRILLA KONIX HELLO KITTY;2;;;;;
9400007374295;PORT.REA.HP PROBOOK 640 G4 + OF;2;;;;;
8436539082330;CARG. UNIV. PORTATIL LEOTEC 70W;2;;;;;
8806095184111;LVJ. SAMSUNG DW60CG550FSRET INO;2;;;;;
197961074208;PORTATIL HPC - HP 15-FD0036NS ;2;;;;;
7332543828715;HORNO ELECTROLUX EOF4P56X;2;;;;;
9120106661972;"MONITOR 27"" THOMSON M27QG5Y14";2;;;;;
8414234124791; BAT VASO SHAKE & GO UNI TAURUS;2;;;;;
8806095803074;"MONITOR SAMSUNG 24"" LS24D304GAU";2;;;;;
4047443439390;CABLE VIDEO HDMI 4K HS 5 M;2;;;;;
889698135511;FUNKO POP FRODO;2;;;;;
889698838375;FUNKO POP PAPA EMERITUS IV GREE;2;;;;;
4041417870745;PS5 BLASPHEMOUS 2;2;;;;;
4047443438744;CABLE AUDIO JACK 3.5 MM 1.5 M;2;;;;;
4047443434166;CABLE ANTENA M-H 90 DB 3 M;2;;;;;
4549292234107;MULTIFUNCIÓN CANON TS3750I;2;;;;;
8710103883913;DEPIL. PHILIPS BRE235/00;2;;;;;
8021098005076;BATIDDORA MQ30201MBK 9 BRAUN;2;;;;;
8421152160299;COMBI TEKA NFL345CWH NF;2;;;;;
753759227852;SMARTWATCH GARMIN VENU BLACK/SL;2;;;;;
4047443361684;LECTOR TARJETAS HAMA 3.0 NEGRO;2;;;;;
4047443361677;LECTOR TARJETAS HAMA 3.0 WHITE;2;;;;;
8421078035404;BATIDORA JATA B T166;2;;;;;
4710886119524;ORDENADOR PORTATIL ACER EX215;2;;;;;
8426984333606;LAVAVAJILLAS ROMMER CLEAN 61;2;;;;;
45496321390;MANDO SWITCH 2 IZQUIERDO AZUL;2;;;;;
8006023340071;MELICONI BASE MOVE NEGRA;2;;;;;
4047443439598;CABLE ANTENA M-H 120DB 1,5M PRO;2;;;;;
4047443431592;ADAPTADOR AUDIO JACK M  2JACK H;2;;;;;
4047443432612;CABLE AUDIO OFC 2X0,75MM 10M TR;2;;;;;
8006023303588;MELICONI TORRE STYLE L60;2;;;;;
7427004613129;CABLE BLEXTER MICRO USB 2M N;2;;;;;
8806096402467;CADENA LG CK43N 300W;2;;;;;
8690842384172;PLACA INDUCCION BEKO HII63205MT;2;;;;;
5901292525781;TELEVISOR TCL 75C6K UHD MINILED;2;;;;;
8414234164179;BATIDORA TAURUS BAPI 1200 PURE ;2;;;;;
8436587974304;AUR. GAMING KROM KOPA PRO;2;;;;;
889698866576;FUNKO POP QUETZALCOATLUS;2;;;;;
4260041686441;CAMARA AQUAPIX W3027 S. ORANGE;2;;;;;
761318352228;CEPILLO REVLON RVDR5222E ONE ST;2;;;;;
8018417215780;CABLE SBS USB 3.0 TIPO C 1,5 M;2;;;;;
5601545047021;ASADORA FLAMA 4743FL;2;;;;;
8712836993273;CAFETERA PRINCESS 249417;2;;;;;
8711658530604;PICADORA PRINCESS 221051 INOX;2;;;;;
8711658525938;TOSTADOR PRINCESS 142338 1R L;2;;;;;
8710103968214;PLANCHA PHILIPS DST5030/80;2;;;;;
8806099353476;SMARTPHONE SAMSUNG A27 5G BLACK;2;;;;;
8806099353537;SMARTPHONE SAMSUNG A27 5G BLUE;2;;;;;
3045380021044;TIRADOR CERVEZA KRUPS VB452E BE;2;;;;;
6941948703827;"TELEVISIÓN XIAOMI 100"" MAX 2025";2;;;;;
8018417339844;POWERBANK SBS 10.000 mAh ROJO;2;;;;;
8436626170896;TELEVISION GENIUM GTV40FHD ;2;;;;;
8414234039156;BARBERO TAURUS HIPSNOS ACQUA;2;;;;;
6972576182432;SMARTWATCH HIFUTURE LUME PRO R;2;;;;;
6971619678734;SMARTWATCH MIBRO GS PRO NEG;2;;;;;
199485883601;PORT. HP 255R G10 RYZEN 3-7335U;2;;;;;
199485884165;PORT. HP 255R G10 RYZEN 5/7535U;2;;;;;
8436586741488;"FUNDA SUBBLIM URBAN 13-14"" GREY";2;;;;;
4549292192025;CARTUCHO CANON PG-540L;2;;;;;
6935364089054;TP-LINK TL-PA7017 KIT 1000 Mbit;2;;;;;
4242006321833;LAVADORA BALAY 3TS382B;2;;;;;
8544992420429;LVJ. ARTICA ALV6450DW BCO 45CM ;2;;;;;
4009835160626;ALBUM FOTOS 10X15 32 FACILE;2;;;;;
8436588882165;PIZARRA DIGITAL LEOTEC NINE YE;2;;;;;
5412810438266;ADP. RED INALAMB. NEDIS AC1200;2;;;;;
5412810438235;ADP. RED INALAMB. NEDIS 300N;2;;;;;
8422160056451;CAFET. UFESA SENSAZIONE CMAB200;2;;;;;
8435484049337;SECADOR BAMBA ROCKSTAR CECOTEC;2;;;;;
840023264573;AURICULARES MOTOROLA BUDS PINK;2;;;;;
4008928481273;CABLE ANTENA VIVANCO 90 DB 1,5;2;;;;;
6941876236688;CARGADOR VIVANCO MÓVIL ROBOT 65;2;;;;;
8420233002251;PRISMATICO SWISS+PRO NAT 10X50;2;;;;;
4963505710996;ESTUFA TOYOTOMI ZIBRO RS 122;2;;;;;
8021735195627;PULSERA UNIVERSAL NEGRA CELLY;2;;;;;
3328170029711;AURICULAR KONIX KX HELLO KITTY;2;;;;;
3303170113790;RATON TNB RECAR. GRADIENT NEG;2;;;;;
3303170113202;RATON TNB RECAR. GRADIENT AZU;2;;;;;
8806092260047;ASPI. ROBOT SAMSUNG VR30T80313W;2;;;;;
8400250058240;INKIO - CANON 571 XL BLACK;2;;;;;
8713016109750;FREIDORA PRINCESS 182642 4L 200;2;;;;;
840023263545;SMARTPHONE MOTOROLA G85 5G SUR;2;;;;;
7332543623945;HORNO AEG BES231111M GT A+ 72L ;2;;;;;
8713016085108;GOFRERA PRINCESS 132380 DELUXE;2;;;;;
8436587970269;ALFOMBRILLA GAMING DRIFT 45*40;2;;;;;
45496426354;SWITCH 51 WORLWIDE GAMES;2;;;;;
4718017808828;PORT ASUS P1510 R5 8/256 W10P;2;;;;;
889698513104;FUNKO POP STRECH ARMSTRONG;2;;;;;
6935364031985;TP-LINK PLC PA4010;2;;;;;
718037856292;M2 INTERNO WD 3D NAND 240GB;2;;;;;
8421078035435;PLANCHA VAPOR JATA PL 622 C;2;;;;;
3046627719038;CARGADOR COCHE BLEXTER 20W - NE;2;;;;;
5412810270415;ALTAVOCES NEDIS RGB 2.0 XYAGOS;2;;;;;
5055060949658;PS4 RESIDENT EVIL 3 REMAKE;2;;;;;
8435484054010;HIDROL HIDROBOOST 1400 EASYMOVE;2;;;;;
5412810289769;HDMI NEDIS HIGH SPEED 10.0 M BL;2;;;;;
889698579254;FUNKO POP SHERMAN FIELDS;2;;;;;
889698520164;FUNKO POP ASAKURA;2;;;;;
889698520171;FUNKO POP JUN;2;;;;;
5026555069717;SWITCH NBA2K22;2;;;;;
5026555429528;PS4 NBA2K22;2;;;;;
4008928610086;SOPORTE VIVANCO 61008;2;;;;;
8057168502343;PS4 MOTOGP 21;2;;;;;
8710103897842;CORTAPELOS PHILIPS HC5630/15;2;;;;;
889698543491;FUNKO POP RAZOR CHIST;2;;;;;
8421078033547;VITRO JATA V139;2;;;;;
889698560177;FUNKO POP POLKA-DOT MAN;2;;;;;
8050162353850;LOCALIZADOR NILOX LIGHT TRACKER;2;;;;;
889698579759;FUNKO POP DUMBLEDORE DIY EXC;2;;;;;
45496321468;SWITCH 2 CAMARA;2;;;;;
4047443439253;CABLE VIDEO HDMI 4K HS 1,5 M;2;;;;;
45496321475;SWITCH 2 PRO CONTROLLER;2;;;;;
45496321413;JOY-CON IZQ/DCHA AZUL/ROJO SW2;2;;;;;
45496312626;SW2 LOZ TEARS OF KINGDOM ED SW2;2;;;;;
8018417211652;"SOPORTE SBS SMARTPHONE 6""";2;;;;;
9400007658340;"PACK MALETIN HAMA 16,5"" + RATON";2;;;;;
8806096707135;TELEVISION LG 65QNED81B6A;2;;;;;
8003705113558;BATID. ARIETE 885 350W  ARIETE;2;;;;;
8711658530543;ASADORA PRINCESS 100410;2;;;;;
8436556993626;SMARTWATCH DCU KIDS PRO NE + NA;2;;;;;
8431305035114;CONSOLA SONY PS5 DIGITAL + DUAL;2;;;;;
5055060931141;PS4 RESIDENT EVIL ORIGINS COL;2;;;;;
5055060945513;PS4 RESIDENT EVIL 7 GOLD EDITIO;2;;;;;
889698264631;FUNKO POP IRONMAN - AVENGERS IW;2;;;;;
8018417210884;SOPORTE SBS UNIV. COCHE MAGNET;2;;;;;
8436556993664;SMARTWATCH DCU KIDS PRO NE + RO;2;;;;;
8436586743826;STYLUS PEN ANDROID/WIN SUBBLIM;2;;;;;
4548736170643;AURICULARES SONY IEREX15CL AZUL;2;;;;;
4242006324216;COMBI BALAY 3KFE553WI ;2;;;;;
8436556993602;SMARTWATCH DCU KIDS PRO NE + CO;2;;;;;
8414234713612;HORNO TAURUS HM669WHM;2;;;;;
8018417535659;FUNDA SBS INSTINCT MAG S26 UL T;2;;;;;
8806097854944;TABLET SAMSUNG TAB A11+ X230 S;2;;;;;
8422160058561;VENTILADOR TECHO UFESA UFESA;1;;;;;
8435775618945;VENTILADOR TECHO CRISTAL NIGHT;1;;;;;
8434847074467;CABLE RED COOL CAT6 RJ45 5 METR;1;;;;;
8436626171657;VENT.SOBREMESA ARTICA AVS45W16B;1;;;;;
8436011058051;VENTILADOR PIE ORBEGOZO SF3345;1;;;;;
8425490140913;ALTAVOZ  SOGO FIESTA SS-8975;1;;;;;
5055374703205;TFNO MOTOROLA DECT 202 DUO;1;;;;;
8018417224874;3 RCA cable male to 3 RCA. 3M;1;;;;;
8018417165139;AURICULAR SBS CBH80K NIGHT;1;;;;;
889698117883;FUNKO POP MALEFICA GREEN FLAME;1;;;;;
3045385783749;TOSTADOR MOULINEX LS160111;1;;;;;
889698232531;FUNKO POP LEIA ON SPEEDER;1;;;;;
849803074029;FUNKO POP MELISANDRE;1;;;;;
8410171249405;RELOJ ANALOGICO ELCO EA-49;1;;;;;
889698147576;FUNKO POP PORG FLOCKED EXCLUSIV;1;;;;;
45496425395;SWITCH ANIMAL CROSSING NEW HORI;1;;;;;
5055060913680;PS4 RESIDENT EVIL REVELATIONS;1;;;;;
45496314354;SWITCH 2 SPLATOON RAIDERS;1;;;;;
8059019118475;HORNO HOOVER HOC3B2118BI;1;;;;;
8436626170568;CAMPANA ARTICA ASLIDE60BI INOX;1;;;;;
889698930079;FUNKO POP FUNKO POP GHOST BAT W;1;;;;;
8436018203560;SANDWICH. COMELEC SA1226 4SAND-;1;;;;;
4895232710874;AURICULARES REDBULL RBEB140;1;;;;;
199271706596;MONITOR LENOVO  L27-4C ;1;;;;;
3391892031140;PS5 DRAGON BALL XENOVERSE 2;1;;;;;
3665962030440;PS5 ROBOCOP UNFINISHED BUSINESS;1;;;;;
45496312718;SW2 LOZ BREATH OF THE WILD SW2;1;;;;;
8806098297962;BARRA DE SONIDO LG SK1D;1;;;;;
45496312473;SWITCH2 STREET FIGHTER 6:1:2 FI;1;;;;;
889698578141;FUNKO POP GERALT;1;;;;;
889698583909;FUNKO POP GROGU FORCE SFX;1;;;;;
889698595674;FUNKO POP MACHINE GUN KELLY;1;;;;;
8434847059563;PROYECTOR PORT COOL FHD 1200L W;1;;;;;
889698576178;FUNKO POP IRON MAN ART;1;;;;;
4047443434388;CABLE AUDIO ODT M (Toslink) 1,5;1;;;;;
4007249565235;CABLE ANTENA M-H 1,5 M 75 DB;1;;;;;
4047443433909;CABLE ANTENA M-H 100 DB 3 M TEC;1;;;;;
889698755740;FUNKO POP UZUI TENGEN;1;;;;;
4549292234152;MULTIFUNCION CANON TS3752i PIXM;1;;;;;
889698569651;FUNKO POP ADMIRAL ZHAO GITD;1;;;;;
889698567848;FUNKO POP BLUE SPIRIT ZUKO;1;;;;;
889698545235;FUNKO POP BO KATAN;1;;;;;
5412810282197;CABLE COAX. NEDIS 120dB 3.0 M B;1;;;;;
6944284684096;OPPO A54 4/64 5G - NEGRO;1;;;;;
889698552578;FUNKO POP SMALL WORLD KENYA;1;;;;;
889698560054;FUNKO LLAVERO BLOODSPORT;1;;;;;
45496427849;SW  ZELDA SKYWARD SWORD HD;1;;;;;
5026555429658;PS5 NBA2K22;1;;;;;
8435484030557;FREIDOR AIRETURBOCECOFRY  CECOT;1;;;;;
889698551403;FUNKO POP & TEE WOLVERINE M;1;;;;;
889698551410;FUNKO POP & TEE WOLVERINE L;1;;;;;
889698551427;FUNKO POP & TEE WOLVERINE XL;1;;;;;
889698492775;FUNKO POP ASHI;1;;;;;
195235449431;PORT LENOVO TB15 G2 - 8/256 I3;1;;;;;
889698573702;FUNKO POP ASH;1;;;;;
5412810289844;HDMI NEDIS HIGH SPEED A 1.5 M B;1;;;;;
8436532168284;RATON KROM KENON RGB 4000 DPI;1;;;;;
889698456579;FUNKO POP STEPHEN KING SHOP KEE;1;;;;;
5412810270378;AURICULAR- MICRO NEDIS CWITH;1;;;;;
4210201276395;AFEITADORA BRAUN 3 EN 1 300BT;1;;;;;
8715946668246;PACK EPSON 603 COLORES + NEGRO;1;;;;;
8435484020336;OLLA PROGRAMABLE MODELO H DELUX;1;;;;;
5099206085718;AURICULAR LOGITECH G PRO X BLUE;1;;;;;
8436532166709;TECLADO KROM KERNEL+ MECANICO;1;;;;;
8436587970153;ALFOMBRILLA ANTIDES. DRIFT R/N;1;;;;;
5412810266050;MALETIN NEDIS NEGRO;1;;;;;
889698347037;FUNKO POP WILL TRUMAN;1;;;;;
2002244076900;C. COCHE BLEXTER 18W + M.USB BL;1;;;;;
889698503419;FUNKO POP KID BUU KAMEHA EXC;1;;;;;
889698541312;FUNKO POP GRIZZLOR FLOCKED EXC;1;;;;;
8436034261285;RADIO RELOJ TMRAR010;1;;;;;
889698492683;FUNKO POP INSPECTOR GADGET;1;;;;;
8422521092395;ALTAVOZ FONESTAR BOX-35LED;1;;;;;
889698356367;FUNKO POP ROGER MOORE MOONRAKER;1;;;;;
6934177717079;HIGROMETRO XIAOMI MI MONITOR 2;1;;;;;
4718009157873;PACK MARS GAMING CASCOS+RAT+ALF;1;;;;;
45496426262;SWITCH MARIO KART LIVE HC MARIO;1;;;;;
45496426279;SWITCH MARIO KART LIVE HC LUIGI;1;;;;;
889698501576;FUNKO POP NOMI;1;;;;;
8435484015950;CAFETERA EXP 1595 CECOTEC;1;;;;;
4549292143867;IMPR MULTIF CANON PIXMA TS3350;1;;;;;
889698519458;FUNKO POP ACE LEVY;1;;;;;
889698519472;FUNKO POP JEAN RASCZAK;1;;;;;
8059019077550;CAMPANA CANDY CCE116 60CM;1;;;;;
6941812702727;ANTIRROBO XIAOMI MI SCOOTER;1;;;;;
8431775035348;"MONITOR NILOX 24"" NXM24FHD12";1;;;;;
889698802239;FUNKO POP DILOPHOSAURUS;1;;;;;
6921081592069;LAVADORA HAIER HW100B14959U1S;1;;;;;
8806094768435;COMBI SAMSUNG RB38C776CS9/EF;1;;;;;
8806094768251;COMBI SAMSUNG RB38C603CS9/EF ;1;;;;;
8422160059803;BATID. UFESA ORION 1500W MAX 60;1;;;;;
3303170114469;ALTAVOZ TNB GRADIENT;1;;;;;
3328170002950;AURICULARES KONIX NK PACMAN;1;;;;;
8422521029285;ALTAVOZ FONESTAR SOUL-HOME-N;1;;;;;
8806091936493;TV 55  LG 55B46LA UHD OLED;1;;;;;
6944762701208;RADIO PORTATIL QUBO R-S1;1;;;;;
6944762701253;RADIO PORTATIL QUBO R-222;1;;;;;
4963505828554;ISOPARAFINA CLEAR 10 L TOYOTOMI;1;;;;;
4047443436917;HUB USB 2.0 4 PUERTOS HAMA BLA;1;;;;;
3121040084922;PLANCHA PELO ROWENTA KARL LAFIE;1;;;;;
3121040062388;SECADOR ROWENTA CARE SILENCE;1;;;;;
4895229110281;AURICULAR PHILIPS TAH4205WT;1;;;;;
6972596106357;SMARTWATCH AMAZFIT GTR MINI M.B;1;;;;;
6972596106364;SMARTWATCH AMAZFIT GTR MINI M.P;1;;;;;
6972596106371;SMARTWATCH AMAZFIT GTR MINI O.B;1;;;;;
4547410489071;CAMARA FUJIFILM INSTAX MINI12 R;1;;;;;
4711121584053;PORTÁTIL ACER  EX215-33 I3-N3;1;;;;;
5412810290048;CAMARA INTERIOR SMARTLIFE NEDIS;1;;;;;
5412810426805;CABLE HDMI NEDIS 1.0 M;1;;;;;
8435051150503;ENVASADORA V GO ELMA;1;;;;;
8700216018968;REC ORALB EB50 6 CROSS ACTION 6;1;;;;;
889698601627;FUNKO POP SUPERMAN Y LOIS EXC;1;;;;;
4009835174203;ALBUM FOTOS 10X15 200 PARIS;1;;;;;
4009835179109;ALBUM FOTOS 10X15 40 ELEMENTS;1;;;;;
8006540805190;REC ORALB EB10 4 FFS STAR WARS;1;;;;;
8413366464041;FREIDORA MXONDA MXFR2126;1;;;;;
8690842468315;LAVAVAJILLAS BEKO BDFN26640WC;1;;;;;
5901969426472;PACK GAMING 4 EN 1 FURY THUNDER;1;;;;;
6972576182401;SMARTWATCH HIFUTURE LUME PRO N;1;;;;;
8414234545121;VAPORETINO RAPIDISSMO TAURUS;1;;;;;
8414234480828;ASP ESCOBA TAURUS HOMELAND X7 ;1;;;;;
8414234164957;BATIDORA TAURUS HBA2300X C/A;1;;;;;
889698868433;FUNKO POP LEVELING SUNG 5 + 1;1;;;;;
45496314163;SWITCH2 YOSHI AND THE MYSTERIOU;1;;;;;
8013240102498;BASCULA LAICA PS1068W ELECTRONI;1;;;;;
5060327538056;PS5 NIOH 3;1;;;;;
4255781905631;TELEFONO GIGASET TRIO BASIC 100;1;;;;;
8806099353605;SMARTPHONE SAMSUNG A27 5G PINK;1;;;;;
8422248343602;CAMPANA CATA TFH6430BK/B;1;;;;;
8436626170315;FRIGORIFICO ARTICA AFE2P16655L2;1;;;;;
711719020905;MANDO SONY PS5 DUALSENSE GREEN;1;;;;;
711719020691;MANDO SONY PS5 DUALSENSE RED;1;;;;;
3221616113381;ESCOBA ROWENTA RH6A21 X-PERT;1;;;;;
5601545043122;BARBACOA FLAMA 4361FL;1;;;;;
8436626171466;LAVADORA ARTICA AQUAPLUS8ADI2;1;;;;;
8434778029291;MICROONDAS TEKA MWFS20 20L BCO;1;;;;;
8436626171633;VENTILADOR TECHO ARTICA AVTECH1;1;;;;;
8021098000484;PLANCHA BRAUN SI7181VI;1;;;;;
761318153177;SECADOR REVLON RVDR5317 SMOOTH ;1;;;;;
889698652063;FUNKO POP SUPERMAN RED EXC;1;;;;;
8806095973623;"TV SAMSUNG 65"" TQ65QN70F UH SA";1;;;;;
5715492208708;ASP. TRINEO NILFISK ONE RB10P05;1;;;;;
8414234242723;EXPRIMIDOR TAURUS TC350 NERO;1;;;;;
8422160047695;SECADOR UFESA SC8460 2400W;1;;;;;
840023266218;AURICULARES MOTOROLA BUDS GREE;1;;;;;
840023264566;AURICULARES MOTOROLA BUDS BLUE;1;;;;;
8806087984736;FRIGORIFICO GBV7270CPY LG;1;;;;;
8435430625813;ALTAVOZ NGS WILDCLUB PORTATIL;1;;;;;
889698858267;FUNKO POP PLUS JUJUTSU KAISEN ;1;;;;;
4047443434791;ADAPTADOR AUDIO JACK 3,5 M-2RC ;1;;;;;
8006023340064;MELICONI TORRE NEGRA;1;;;;;
8006023339174;MELICONI TORRE BLACK;1;;;;;
4047443438683;CABLE AUDIO JACK 3.5 MM 1.5M 90;1;;;;;
8690842621048;COMBI BEKO B1RCNE404G;1;;;;;
7612985649803;CAMPANA MEPAMSA PIRAMIDE PLUS 6;1;;;;;
840006612957;SOPORTE CASCOS CORSAIR ST50;1;;;;;
889698519595;FUNKO POP HARRY HAIRCUT;1;;;;;
889698519564;FUNKO POP LLOYD IN TUX;1;;;;;
45496426989;SWITCH SUPERMARIO 3D WORLD+BOWS;1;;;;;
8422248347686;HORNO CATA MDS8007X 80L INOX;1;;;;;
8806095483801;TELEVISION SAMSUNG TQ55Q70D;1;;;;;
8421152160305;COMBI TEKA NFL345C INOX NF;1;;;;;
3838782642517;LAVAVAJILLAS HISENSE HS622E10X;1;;;;;
10942218746;CAFETERA KRUPS EA810B SUPERAUTO;1;;;;;
5055374715741;TFNO FIJO MOTOROLA C1001CB NEGR;1;;;;;
8433766187203;PLANCHA SOLAC PV2034 OPTIMA EXT;1;;;;;
8806096168332;ASPI. ESCOBA LG A9C-SL LG;1;;;;;
4549292234138;MULTIFUNCIÓN CANON TS3751I;1;;;;;
4047443438973;CABLE VIDEO HDMI 8K 3S 1 M;1;;;;;
4047443441447;DISTRIBUIDOR ANTENA  1H -2M TV ;1;;;;;
6921081595961;LAVADORA HAIER HW100B14939IB;1;;;;;
5715492204601;ASPI. ESCOBA NILFISK EASY RED 3;1;;;;;
45496312817;SWITCH2 DONKEY KONG BANANZA;1;;;;;
8720389029455;CENTRO PLANCHADO PHILIPS PSG200;1;;;;;
8004399029088;CAFET. DELONGHI EC685.BK + REGA;1;;;;;
4007249119018;CABLE ANTENA M-H 75 DB 3 M;1;;;;;
4047443434289;CABLE VIDEO EURO 21p 1.5 M;1;;;;;
8059019074061;HORNO CANDY FIDCX532 70L GT;1;;;;;
4047443439864;CABLE AUDIO JACK M - JACK H EXT;1;;;;;
4047443434739;ADAPTADOR VIDEO EURO-SVHS+3RCA ;1;;;;;
4047443431493;ADAPTADOR VIDEO HDMI;1;;;;;
5706751054365;PORTATIL DENVER NBD14115ES;1;;;;;
6935364086848;ROUTER TP LINK TL MR6400 4G LTE;1;;;;;
9400007391858;BALDA COMBI BECKEN;1;;;;;
4718006453121;USB 3.2 HP X911W 1TB SSD;1;;;;;
8436587974359;KIT GAMING KROM RGB KABALA;1;;;;;
8018417329074;CARG. PARED SBS 25 W TIPO C USB;1;;;;;
8436587974373;SILLA GAMING DRIFT DR35BG NG/GR;1;;;;;
6932554406905;SMARTPHONE REDMI NOTE 14 PRO AZ;1;;;;;
889698826174;FUNKO POP TAILS;1;;;;;
8713016065469;GOFRERA PRINCESS 132397 19,8x19;1;;;;;
5030937125380;PS5 F1 25;1;;;;;
711719570240;PS5 THE LAST OF US 2 REMASTERED;1;;;;;
3328170288958;AURICULAR KONIX KX NARUTO GAMIN;1;;;;;
6972576181947;ALTAVOZ HIFUTURE POCKE HIFUTUR;1;;;;;
6941764486980;SMARTPHONE REALME C71  REALME;1;;;;;
3536403404352;MEMORIA USB PNY 32GB EDICIO PN;1;;;;;
45496314262;SWITCH 2 STARFOX;1;;;;;
4020628696788;PS5 METRO EXODUS COMPLETE;1;;;;;
4242006324179;COMBI BALAY BALAY 3KFE553XI;1;;;;;
9400007659255;PORT. REAC. HP ELITEBOOK 840 G7;1;;;;;
3499550384369;AO TENNIS 2 SWITCH;1;;;;;
5412810270712;RATON+PAD GAMING NEDIS ZYOQUO;1;;;;;
889698509091;FUNKO POP SHIPWRECK;1;;;;;
889698509114;FUNKO POP ZARTAN;1;;;;;
889698347068;FUNKO POP JACK MCFARLAND;1;;;;;
5031753007300;WALKIE MOTOROLA T62 BLUE;1;;;;;
619659161606;MICROSD SANDISK ULTRA+AD 16 GB;1;;;;;
8018417465741;AURICULAR SBS USB C TUBB NEGRO;1;;;;;
889698130530;FUNKO POP DOUG FUNNIE;1;;;;;
45496424022;SWITCH SNK HEROINES TAG TEAM FR;1;;;;;
8435089027891;STINGER PAD NIMAN RIGIDO;1;;;;;
45496314552;SWITCH2 ORBITALS;1;;;;;
5055060931424;PS5 RESIDENT EVIL 4 HD;1;;;;;
8806095803036;"MONITOR SAMSUNG 27"" LS SAMSUNG";1;;;;;
45496513658;SW RHYTHM PARADISE GROUP;1;;;;;
45496313968;SW2 SUPER MARIO BROS WONDER;1;;;;;
8425490126528;TRANSMISOR MANOS LIBRES SS8422;1;;;;;
45496423803;SWITCH NEW SUPER MARIO U DELUXE;1;;;;;
4008928379778;SOPORTE TV VIVANCO  WM 37977;1;;;;;
5055583412776;BOLIGRAFO HEDWIG;1;;;;;
889698592550;FUNKO POP MORPHEUS;1;;;;;
889698602372;FUNKO POP FENNEC SHAND;1;;;;;
5025232885152;TELEFONO PANASONIC KX-TGC210S B;1;;;;;
45496429393;JUEGO SW TRIANGLE STRATEGY;1;;;;;
45496429546;JUEGO SW KIRBY TIERRA OLVIDADA;1;;;;;
3391892017250;PS5 ELDEN RING;1;;;;;
889698435246;FUNKO POP & TEE CELL S;1;;;;;
6934177757020;XIAOMI REDMI BUDS 3 LITE - WHIT;1;;;;;
889698512633;FUNKO POP SUPERMAN 25 CM;1;;;;;
671803362000;FUNKO PIN SUPERMAN;1;;;;;
6938771340541;CALENTADOR COINTRA CPA11PROB;1;;;;;
8713439241853;AURIC TRUST HS250 USB - NEGRO;1;;;;;
8436587971877;RATON KROM KAIYU RGB 12000DPI;1;;;;;
889698497176;FUNKO POP KRO;1;;;;;
8806095662220;SAMSUNG GALAXY WATCH 7 40MM GRE;1;;;;;
840023295843;SMARTPHONE MOTOROLA EDGE 60 AZ;1;;;;;
840023295881;SMARTPHONE MOTOROLA EDGE 60 GR;1;;;;;
4008928461503;CABLE AUDIO OPTICO VIVANCO2 M;1;;;;;
4008928460445;CABLE AUDIO VIVANCO JACK 1,5 M;1;;;;;
4008928460957;CABLE ALIMENT. EURO-T 8 VIVANCO;1;;;;;
4008928471755;CABLE HDMI 2.1 VIVANCO 1.0 M;1;;;;;
8806097124375;TELEVISION SAMSUNG TQ55Q7F5;1;;;;;
8018417343339;AURICULARES SBS STUDIO MIX 65;1;;;;;
711719025962;MANDO SONY PS5 DUALSENSE BK+CAB;1;;;;;
4019588765184;RADIO PORTATIL ELBE TECHNISAT 7;1;;;;;
3760265540761; CAMARA DC5200 RED 21MP ZOOM X;1;;;;;
8806096360286;"TV LG 65"" 65NANO81A6A UHD NANOC";1;;;;;
761318153719;MOLDEADOR REVLON RVDR5371;1;;;;;
8710103892977;CENTRO PLANCHADO PHILIPS GC7920;1;;;;;
8004399327924;CAFETERA NESSPRESO EN80B DELONG;1;;;;;
3121040085325;SECADOR ROWENTA CV887L;1;;;;;
8422160044304;LICUADORA UFESA LC5050 ACTIVA;1;;;;;
3046627720232;CARGADOR COCHE BLEXTER NEGRO;1;;;;;
45496478698;SW KIRBY RETURN TO DREAMLAND DL;1;;;;;
8436046489165;RECAMBIO ORAL B SENTIVE FERSAY;1;;;;;
8435484073042;PATIN CECOTEC BONGO SERIES S;1;;;;;
889698469869;FUNKO POP &TEE CLEVER GIRL S;1;;;;;
8432406730021;FREIDORA AIRE BLACK&DECKER BXAF;1;;;;;
8436589070325;ENCIM. IND. MEISSAFLEX 3070;1;;;;;
8425490134103;ASPIRADOR CENIZA SOGO ASP-SS-16;1;;;;;
8426307971089;CALCULADORA ANTIBAC PLUS SS-230;1;;;;;
889698576079;FUNKO POP EDDIE SOMEWHERE;1;;;;;
889698583916;FUNKO POP BOBA FETT THRONE;1;;;;;
889698586528;FUNKO POP KILLMONGUER;1;;;;;
5412810264544;HDMI NEDIS 15.0  M NEGRO;1;;;;;
3303170099872;CABLE TNB ECO USB/USB MICRO;1;;;;;
8421078036944;EXPRIMIDOR JATA ROJO JEEX1059;1;;;;;
9400006758270;RECARGA LEBARA BONO 15;1;;;;;
9400006755613;ROBLOX PIN 50;1;;;;;
5908267960271;MEMORIA USB-OTG GOODRAM 128GB ;1;;;;;
8421078036531;OLLA COCION LENTA JATA JEOL2135;1;;;;;
8421078037118;YOGURTERA JATA JEYG2266;1;;;;;
8421078037194;HERVIDOR JATA JEHA1038;1;;;;;
45496510770;SW POKEMON ESCARLATA;1;;;;;
45496510879;SW POKEMON PURPURA;1;;;;;
45496479343;SWITCH PIKMIN 4;1;;;;;
8018294014797;ENVASADORA MAGIC  COMPACT MAGIC;1;;;;;
5900495072290;SMARTWATCH FOREVER CW-300 VERDE;1;;;;;
4008928480016;CONECTOR ANTENA VIVANCO 75 OHM;1;;;;;
4008928460452;ALARGADOR JACK VIVANCO 2,5 M;1;;;;;
4008928471601;CABLE HDMI VIVANKO  3.0 M;1;;;;;
8425490135476;MANTA SOGO MEL-SS-20221;1;;;;;
8690842426803;HORNO BEKO  BBE123001XD;1;;;;;
8433766201251;CAFETERA COFFEE4 YOU SOLAC;1;;;;;
889698507707;FUNKO LLAVERO KINGO;1;;;;;
889698497121;FUNKO POP SPRITE;1;;;;;
889698497138;FUNKO POP DRUIG;1;;;;;
889698486736;FUNKO POP COFFIE;1;;;;;
889698545228;FUNKO POP MARSHAL;1;;;;;
889698545266;FUNKO POP FENNEC SHAND;1;;;;;
5412810263936;CABLE DISPLAYPORT-DVI 2M;1;;;;;
5412810315130;NEDIS HUB 5P USB 3.0 - QC;1;;;;;
5412810292691;DOCK NEDIS USBC - TCARF260BK;1;;;;;
8434847041544;CORREA 22MM - ROSA;1;;;;;
889698506458;FUNKO POP & TEE SUPERMAN S;1;;;;;
889698611275;FUNKO POP SARA;1;;;;;
889698609173;FUNKO POP DR STRANGE;1;;;;;
889698382199;FUNKO POP & TEE ALIEN M;1;;;;;
5412810334766;CABLE EXTENSOR USB C - M - H 2M;1;;;;;
8433281009929;CAJA DISCO M.2 TOOQ NGFF - SILV;1;;;;;
4718009156319;CAJA ATX SHARD RGB AEROCOOL;1;;;;;
3601010082139;°CO+ CAFETERA 6 TAZAS 550W AUT;1;;;;;
3601029952287;SE ASPIRADOR MANO Lithium 7,2V;1;;;;;
3601029952713;SE BATIDORA INOX 600W 4 ACC;1;;;;;
45496429751;SW MARIO STRIKERS BATTLE LEAGUE;1;;;;;
8426156016498;LIMPIADOR FACIAL AZURE TOUCH;1;;;;;
8426156016504;LIMPIADOR FACIAL PINK CARES GKL;1;;;;;
8435484041980;RIZADOR CECOTEC BAMBA 750 TRAVE;1;;;;;
5412810326358;CABLE COA NEDIS 100dB 10 M AC B;1;;;;;
889698636001;FUNKO POP&TEE THANOS BL TALLA S;1;;;;;
889698636025;FUNKO POP&TEE THANOS BL TALLA L;1;;;;;
8434127011809;PATIN ELE INFANTIL YOUGO SC1000;1;;;;;
8434127011793;PATIN ELE INFANTIL YOUGO SC1001;1;;;;;
5900495908438;SMARTWATCH INF FOREVER KW310 RO;1;;;;;
889698552967;FUNKO POP CLAIRE DEARING;1;;;;;
8410171265825;ALTAVOZ ELCO PDT-2658;1;;;;;
4008928480764;AMPLIFICADOR ANTENA VIVANCO 2 T;1;;;;;
4008928481198;CABLE ANTENA VIVANCO 100 DB 1,5;1;;;;;
4008928481341;CABLE ANTENA VIVANCO 90 DB 3,0;1;;;;;
8018417255830;SOPORTE SBS COCHE MAGNÉTICO;1;;;;;
199764688613;PACK HP 308 NEGRO + COLOR;1;;;;;
8018417248795;UNISOPORTE SBS DE PARABRISAS;1;;;;;
9400006750823;DAZN SUSCRIPCION PIN 29.99;1;;;;;
9400006754210;GOOGLE PLAY PIN 10;1;;;;;
8018417499708;FUNDA SBS TAPA IPHONE 16E;1;;;;;
8018417500688;FUNDA SBS TAPA GALAXY A26 NEGRO;1;;;;;
8018417465642;ALTAVOZ SBS MIAMI 6 W NEGRO;1;;;;;
4008928461497;CABLE AUDIO OPTICO VIVANCO 1 M;1;;;;;
9400006325472;MANDO TV ENGEL LE3280SM -MD0525;1;;;;;
889698562294;FUNKO POP WET FIRE;1;;;;;
889698562300;FUNKO POP WHITE MAMBA;1;;;;;
4061275233551;ALTAVOZ MEDION MD 4374 BLACK;1;;;;;
3303170098387;SWITCH HDMI TNB 4K - 2 PUERTOS;1;;;;;
889698528801;FUNKO POP WENWU;1;;;;;
889698410410;FUNKO POP FRASIER;1;;;;;
8806096550380;COMBI LG GBBSJ20DPY  INOX;1;;;;;
8422160060113;ASADORA UFESA INDIANA PLEX 45X2;1;;;;;
8436626170520;ESTUFA GAS ARTICA AEI4204;1;;;;;
8003705119024;GOFRERA ARIETE 1973 ROJA;1;;;;;
8806096567449;"MONITOR LG 27"" 27G UNI LG";1;;;;;
8436626170360;EMISOR SECO ARTICA AETS1800;1;;;;;
194632276541;TAB LENOVO TB-X606F M10+  4/64;1;;;;;
8436587971990;AURICULAR KROM KLAIM USB+2X3.5;1;;;;;
849803065201;FUNKO POP CAJA PREMIUM;1;;;;;
889698520140;FUNKO POP PENNY;1;;;;;
6934177723384;DESPERTADOR XIAOMI MI SMART;1;;;;;
889698568005;FUNKO POP DIANA WITH ARROW;1;;;;;
8425490136961;DIFUSOR DE AROMA AIR-SS-21720;1;;;;;
45496453435;CONSOLA SWITCH OLED BLANCA;1;;;;;
45496453442;CONSOLA SWITCH OLED AZUL/ROJO;1;;;;;
5030949123855;PS5 FIFA 22 STANDAR EDITION;1;;;;;
5035224123766;XONE FIFA 22 STANDARD EDITION;1;;;;;
5035228123861;XBOX  X FIFA 22 STANDAR EDITION;1;;;;;
6972596106708;SMARTWATCH AMAZFIT CHEETAH ROUN;1;;;;;
9120096774348;POLAROID NOW GEN.2 NEGRA;1;;;;;
8700216646130;AFEITA. BRAUN 52-B1000S SERIE 5;1;;;;;
45496313197;SWITCH2 KIRBY AIR RIDERS ;1;;;;;
8018417465604;AURICULAR SBS HERO TWS FLUO YEL;1;;;;;
8720689036818;ACC. PHILIPS HX6062/87 RECAMBIO;1;;;;;
8018417464225;AURICULAR SBS HERO TWS RASH RO;1;;;;;
197532488854;PORTATIL LENOVO SLI3 15IAN8;1;;;;;
5601545069009;FREIDORA AIRE 691FL  FLAMA;1;;;;;
622356307741;FREIDORA AIRE FN101EUGY NINJA;1;;;;;
8021098004659;TOST. BRAUN HT1110WH 1R LARGA B;1;;;;;
5907457736818;SMARTWATCH FOREVER IGO 3 NEGRO;1;;;;;
8433766000663;SECADOR SOLAC SP7154 ;1;;;;;
8700216735575;AFEITA. BRAUN 300S SERIES3 30MI;1;;;;;
9400007501820;FORTNITE PIN 20;1;;;;;
8004399034150;CAFET PICCOLO EDG210.AB DELONGH;1;;;;;
8806096362365;"TV LG 55"" 55NANO81A6A  LG";1;;;;;
8432322616898;ASPI. ESCOBA ROWENTA RH6A21+DR6;1;;;;;
711719580782;PS PORTAL WHITE;1;;;;;
889698803694;FUNKO POP RORONOA ZORO;1;;;;;
5030917189050;XONE OVERWATCH ORIGINS EDITION;1;;;;;
5030917188893;PS4 OVERWATCH ORIGINS EDITION;1;;;;;
3045388190346;PICADORA MOULINEX DJ300110;1;;;;;
812313014724;CONTROL PACK PARA PS4;1;;;;;
8710103798040;A.ONE BLADE PHILIPS QP 6510/20;1;;;;;
8421078033189;LIMADOR DUREZAS PIES MANOS JATA;1;;;;;
8715946519876;EPSON PACK 26 CLARIA (C/M/Y/K);1;;;;;
5026555284431;XONE BATTLEBORN (INCLUYE PACK P;1;;;;;
8400250058233;IBERJET - CANON 571 XL BLACK;1;;;;;
885370612813;XBOX LIVE 12 MESES GOLD;1;;;;;
3601029887893;SE CAFETERA PROGRAMABLE CM2021;1;;;;;
5051893236125;XONE ROCKET LEAGUE ED COL;1;;;;;
889894860835;HP 304 XL BLACK;1;;;;;
8427155903819;BOX FAN NEVIR NVR-BF30-C;1;;;;;
8421078034698;BATIDORA VASO JATA BT797;1;;;;;
889698233439;FUNKO POP LOBSTER JOHNSON;1;;;;;
6970244527554;XIAOMI BT AUDIO RECEIVER;1;;;;;
889698133272;FUNKO POP DEMOGORGON;1;;;;;
889698274173;FUNKO POP THE WILL;1;;;;;
3601029902633;SE MICROONDAS DIGITAL 19L GRIS;1;;;;;
9400005384708;RECARGA LLAMAYA 15 EURO;1;;;;;
5055583415449;BOLIGRAFO HUFFLEPUFF;1;;;;;
889698312998;FUNKO POP THE PREDATOR;1;;;;;
8433766550472;ALMOHADILLA LUMBAR SOLAC CT8680;1;;;;;
3601029923317;SE PLANCHA VAPOR 2200W HG-7003;1;;;;;
8714574631776;CARTUCHO CANON 571XL YELLOW;1;;;;;
3303170088050;AURICULAR TNB STREAM NEGRO;1;;;;;
3601029917521;SE EXPRIMIDOR INOX GS-401-100W;1;;;;;
741360244054;OTG LEEF USB TO MIC.USB NEGRO;1;;;;;
7427004612566;CARGADOR BLEXTER 3.1A B + M.USB;1;;;;;
7427004612924;ADAP BLEXTER ODD PORTATIL 12.7M;1;;;;;
4242006267513;LAVAVAJ. BALAY 3VS572IP INOX;1;;;;;
9400002070680;RECARGA LLAMAYA 5 EUROS;1;;;;;
4015588925030;BASCULA MEDISANA BSA46 CONNECT ;1;;;;;
4009835176870;ALBUM FOTOS 10x15 100 URBAN;1;;;;;
4009835160510;ALBUM FOTOS 10X15 32 FLORENTINE;1;;;;;
5601545014269;BATID. AMASADORA FLAMA 1417FL B;1;;;;;
8414234489128;ASPIRADOR TAURUS GUZZLER CYCLON;1;;;;;
6941812755549;RATON XIAOMI INALAMBRICO BLANCO;1;;;;;
725882064277;SMARTWATCH POLAR UNITE WHITE;1;;;;;
8414234350299;R. ACEITE TAURUS AGADIR 2000W;1;;;;;
5055374795002;TELEFONO MOTOROLA CT202 BLACK;1;;;;;
5055374794005;TELEFONO MOTOROLA 107CT202WHITE;1;;;;;
711719812852;VERTICAL STAND PS4 SLIM & PRO;1;;;;;
8421152128732;M.O. TEKA MWE 225 G INOX;1;;;;;
45496420079;SW LEGEND OF ZELDA BREATH OF TH;1;;;;;
45496420208;SW 1-2 SWITCH;1;;;;;
8431305033110;AURICULAR PS5 BFX-GXR;1;;;;;
4009835172735;ALBUM FOTOS 10X15 200 ART DECO;1;;;;;
45496479756;SWITCH PIKMIN 1 + PIKMIN 2;1;;;;;
45496479992;SWITCH SUPER MARIO RPG;1;;;;;
6945764511635;ALTAVOZ/LAMPARA MIPOW CONEJO;1;;;;;
889698720618;FUNKO POP VIRGO SHUN;1;;;;;
3016661157622;BATIDORA MOULINEX DD95HD 1200W;1;;;;;
4547410489095;CAMARA FUJIFILM INSTAX MINI12 W;1;;;;;
4895232707386;PATINETE RED BULL TEEN 10;1;;;;;
8430025003762;KIT SELECTRONICA ESTUDIANTES;1;;;;;
889894680617;TONER HP 79A BLACK - ORIGINAL;1;;;;;
5051893237283;PS4 LEGO DC SUPER VILLANOS;1;;;;;
889698222211;FUNKO POP TYGRA EXCLUSIVE;1;;;;;
889698331821;FUNKO POP J J ABRAMS;1;;;;;
889698447232;FUNKO POP SANKHOK SURVIVOR;1;;;;;
8421078027041;PLANCHA VIAJE JATA PL357N;1;;;;;
889698450096;FUNKO POP GALACTUS;1;;;;;
889698449854;FUNKO POP MR FANTASTIC;1;;;;;
5030941125185;XBOX EA SPORTS FC24;1;;;;;
4210201437796;DEPIL. BRAUN IPL PL1000;1;;;;;
45496479527;SWITCH RED DEAD REDEMPTION;1;;;;;
889698751148;FUNKO POP MANCHESTER GUARDIOLA;1;;;;;
9400007083708;TUBO SALIDA AGUA 2M FERSAY 19AG;1;;;;;
8806091897077;BARRA SONIDO LG SQC1 2.1 160 W ;1;;;;;
8806095360836;T. SAMSUNG TAB A9+ X210 4/64 GR;1;;;;;
711719575894;MANDO SONY PS5 DUALSENSE V.2 BK;1;;;;;
889698751131;FUNKO POP EARLING HAALAND;1;;;;;
6970244524928;CABLE XIAOMI 1XUSBC 1XMICROUSB;1;;;;;
3016667248553;BATIDORA VASO MOULINEX LM871D10;1;;;;;
8422160056239;EXPRIM. UFESA SQUEEZE&GO RECARG;1;;;;;
3760265541591;CAMARA AGFA CAMARA DC5200 BLUE ;1;;;;;
8414234713636;HORNO MULTIFUNCION HM778IXD ;1;;;;;
8011000018669;RADIO  CASETTE TREVI BT 501 BL;1;;;;;
8436556991844;MANDO TV DCU PARA XIAOMI VOICE;1;;;;;
8425490124296;CABLE CARGA TIPO C-TIPO C SOGO ;1;;;;;
6934177716201;CARGADOR XIAOMI COCHE 2XUSB 37W;1;;;;;
8425490124272;CABLE CARGA MICRO USB SOGO 2M;1;;;;;
8713016015020;TOST. TRISTAR BR1025 NEGRO, 2 R;1;;;;;
8434847075044;CABLE CARGA XIAOMI MI BAND 9;1;;;;;
8425490124180;ALTAVOZ PORTATIL SOGO SS-8585;1;;;;;
8425490124319;ALTAVOZ PORTATIL SOGO SS-8586;1;;;;;
8806095210650;LAVADORA SAMSUNG WW90CGC04DAEEC;1;;;;;
8806092802117;MONITOR SAMSUNG LS24AG320NUXEN;1;;;;;
5901969425727;RATÓN NATEC NMY-1601 NEGRO;1;;;;;
8434778029369;MICR. TEKA MWEFS25G 25L GRILL B;1;;;;;
45496513030;SW POKEMON LEGENDS Z-A;1;;;;;
4009835160787;ALBUM FOTOS 10X15 32 LITTLE DRE;1;;;;;
8421078035077;BATIDORA VASO JATA BT265;1;;;;;
6932554419844;XIAOMI MI SMART BAND 10 PINK;1;;;;;
8436589072169;TERMOVENTILADOR 4002-UCVT9307;1;;;;;
4242006264451;CAMPANA BALAY 3BC587GN;1;;;;;
8436046483590;BOLSA SINT ASPIRADOR DAEWO;1;;;;;
889698716345;FUNKO POP & TEE RESCUE TALLA S;1;;;;;
889698633161;FUNKO POP & TEE KILLMONGER S;1;;;;;
8806094191677;BARRA DE SONIDO SAMSUNG HWB550;1;;;;;
4242006250973;VITRO BALAY 3EB967FR;1;;;;;
3601010081446;°CO+ PLACA ELECTRICA 1FUEGO;1;;;;;
4549292032918;CARTUCHO CANON PG-570 BK;1;;;;;
889698623513;FUNKO POP ARIEL W BAG EXCLUSIV;1;;;;;
889698627580;FUNKO POP SYLVIE EXCLUSIVE;1;;;;;
6926474623474;INKIO - EPSON 1291 BLACK;1;;;;;
6944762700799;TELEFONO QUBO P-180BK;1;;;;;
3303170115756;AURICULAR WAY - TWS MELODY PK;1;;;;;
8433766550465;ALMOHADILLA HELSINKI CERVICALES;1;;;;;
889698724388;FUNKO POP LEONIDAS;1;;;;;
889698656795;FUNKO POP MONICA GELLER;1;;;;;
8006540773390;ORAL-B CEPILLO PRO-KIDS SPIDERM;1;;;;;
8806090330179;BARRA DE SONIDO SAMSUNG HWT420;1;;;;;
8806091504838;FRICOM. LG GBP62PZNBC 203x60 NF;1;;;;;
3603313165977;SE AURICULARES INTRA NGR USB-C;1;;;;;
45496479923;SWITCH WARIO WARE MOVE IT;1;;;;;
5706751041716;DVD DENVER DVH-1245 HDMI USB;1;;;;;
5026555435871;PS5 NBA 2K24 KOBE BRYANT;1;;;;;
8007403117993;SECADOR BELLISSIMA  DF1 3000;1;;;;;
622356239561;FREIDORA AIRE NINJA FOODI AF300;1;;;;;
622356264105;OLLA Y FREIDORA NINJA SPEEDI;1;;;;;
889698720588;FUNKO POP AQUARIUS HYOGA;1;;;;;
889698720595;FUNKO POP LEO IKKI;1;;;;;
889698720601;FUNKO POP LIBRA SHIRYU;1;;;;;
6941849639430;AIRFRYER PAPEL REDONDO 16CM PAC;1;;;;;
9400007571380;CESTILLO UNIVERSAL LAVAV FERSAY;1;;;;;
8544992787287;LAVADORA ARTICA AQUAPLUS10AB;1;;;;;
711719022756;MANDO SONY PS5 DUALSENSE V3 WH;1;;;;;
8059019093918;LAVADORA HAIER THASN286TM5S CS;1;;;;;
4895232710669;AURICULARES REDBULL IN-EAR NITR;1;;;;;
4020628551148;PS5 CRIMSON DESERT;1;;;;;
5030935124934;PS5 DEAD SPACE REMAKE;1;;;;;
8806097194187;TV SAMSUNG TQ55QN73F UHD NEOQLE;1;;;;;
8434778033885;HORNO TEKA HSB6150 HIDRO INOX;1;;;;;
8436618550231;CORTADORA DE PELO DE NARIZ ORYX;1;;;;;
8436618551801;PLANCHA DE VIAJE ORYX EEL1267;1;;;;;
8414234446954;VENTILADOR TAURUS AIR LITE FOLD;1;;;;;
8414234472687;VENT. TORRE TAURUS BABEL II RCH;1;;;;;
8059019122663;LAVADORA CANDY MQD410CBL937;1;;;;;
8720689039109;DEPIL. PHILIPS BRI946/00 LUZ PU;1;;;;;
7333394108773;ENCIMERA IND. AEG TO63IV00FB;1;;;;;
8434778036787;COMBI TEKA NFL4300SS NF;1;;;;;
8806095550572;LAVADORA SAMSUNG WW90DG6U85LEU3;1;;;;;
8806096327487;ALTAVOZ LG XBOOM STAGE 301;1;;;;;
4582712710157;CAMARA YASHICA YAS-DGM100-BK;1;;;;;
4582712710164;CAMARA YASHICA AS-DGM100-GM;1;;;;;
5901292525927;"TV TCL 65"" 65P7K UHD Q TCL";1;;;;;
4894461787633;SMARTPHONE TCL 605 8/256 BLACK;1;;;;;
4894461787695;SMARTPHONE TCL 605 8/256 BLUE;1;;;;;
8806096353875;"TV LG 48"" 48C54LA UHD  LG";1;;;;;
8806097057420;BARRASONIDO SAMSUN UNI SAMSUNG;1;;;;;
8436587973819;SILLA DRIFT DR90 PRO GRIS-NEGRO;1;;;;;
8436587973826;SILLA DRIFT DR90 PRO GRIS-BCO;1;;;;;
8436587973833;SILLA DRIFT DR90 PRO GRIS-AZUL;1;;;;;
8700216931564;DENTAL ORALB IO2 J UNI ORAL-B;1;;;;;
8700216932509;DENTAL ORALB IO2 J UNI ORAL-B;1;;;;;
8422160061943;SECADOR UFESA PRO IONIC SILK;1;;;;;
8436585383733;FREIDORA AIRE TMPFR165;1;;;;;
8414234164278;BATID. TAURUS ROBOT 750W S/A 2V;1;;;;;
8432322618502;ROWENTA VR8316 + QUITAPELUSA;1;;;;;
8021098773128;EXPRIM. BRAUN CJ3050BK 60W NEGR;1;;;;;
8712836993402;ESPUMADOR LECHE TRISTAR MK2277 ;1;;;;;
3665962020526;PS5 ROBOCOP ROGUE CITY;1;;;;;
8011000039336;MINI RADIO TREVI RA 710B;1;;;;;
8806096023341;MONITOR LG 27SR50F FHD IPS;1;;;;;
198157039827;TABLET LENOVO IDEA TAB 8/128 11;1;;;;;
5061005353459;PS5 TMNT:MUTANTES DESENCADENADO;1;;;;;
5026555439343;PS5 NBA 2K26;1;;;;;
3391892034257;PS5 CLAIR OBSCUR:EXPEDITION 33;1;;;;;
5412810420766;CABLE NEDIS DISPLAYPORT 1.2 2 M;1;;;;;
3121040077498;CENTRO PLANCHADO ROWENTA VR8322;1;;;;;
7393033102739;MAQUINA COSER SINGER M2105;1;;;;;
8011000041599;GRABADORA VOZ TREVI DR437;1;;;;;
889698824972;FUNKO POP CPT AMERICA CLASSICS;1;;;;;
840023293078;SMART. MOTOROLA G15 8/512 AZ CL;1;;;;;
840023291753;SMART. MOTOROLA G15 8/512 AZ OS;1;;;;;
840023289644;SMART. MOTOROLA G15 8/512 GRIS;1;;;;;
840023289552;SMART. MOTOROLA G15 8/512 VERDE;1;;;;;
8434127500983;CASCO YOUIN MA1015 CON INTERMIT;1;;;;;
8544992625510;CONG.HOR ARTICA AECH1980EW;1;;;;;
9400007059888;JOY-CON DERECHA BLANCO REACO;1;;;;;
9120072372582;ROUTER STRONG 4GROUTER 300M 4G ;1;;;;;
3700601426724;TELEFONO DECT ALCATEL E160 DUO;1;;;;;
9400007017635;RECARGA DIGIMOBIL 50;1;;;;;
8806087095500;"TV 75"" LG 75UR78006LK UHD STV";1;;;;;
8413366464706;PALOMITERO MXPM2778 MXONDA  ;1;;;;;
5030917299612;PS4 COD MODERN WARFARE III;1;;;;;
5030917299728;PS5 COD MODERN WARFARE III;1;;;;;
711719575856;MANDO SONY PS5 DUALSENSE V.2 BL;1;;;;;
8436556993305;AURICULARES BLUETOOTH CLIP BUDS;1;;;;;
6923172539106;D. DURO EXT. SSD PSSD-T70 500 G;1;;;;;
6935364006600;EXT. WIFI MERCUSYS HALO H50G;1;;;;;
9400007001467;TUBO SALIDA AGUA 19/22MM FERSAY;1;;;;;
843812129398;CAMARA KODAK STEP TOUCH BLACK;1;;;;;
8434778003802;ENCIM. IND. TEKA IBC63010;1;;;;;
8710103736691;CUCHILLA PHILIPS S5340/06 FERSA;1;;;;;
622356275941;ASPIRADOR DETECT PRO SHARK IW36;1;;;;;
8544992660603;MICR. ARTICA AMW204581IDB INTE ;1;;;;;
8544992603877;MICROONDAS ARTICA AMW2042DXINOX;1;;;;;
8435484044462;RIZADOR PESTAÑA CECOTEC;1;;;;;
8713016070777;FONDUE TRISTAR FO1107 1,5L 1000;1;;;;;
45496511944;SWITCH PAPER MARIO THOUSAND DOO;1;;;;;
8425160340568;PALOMITERO KUKEN 34056 CLASSIC;1;;;;;
8414234206497;CAFETERA TRENTO TAURUS;1;;;;;
8414234730046;FREID AIR FRY GRILL 360 XL TAUR;1;;;;;
5601545049117;SANDWICHERA PANQUECAS FLAMA 490;1;;;;;
6932554455392;SMARTPHONE REDMI 15C 4/128 AZUL;1;;;;;
8436542332040;SMART TV BSL ABSL432 4/32 ANDRO;1;;;;;
7612985650144;CAMPANA MEPAMSA CUADRO 60 NEGRA;1;;;;;
6944762700843;TELEFONO QUBO D-1803BK;1;;;;;
889698868419;FUNKO POP SOLO LEVELING IGRIS ;1;;;;;
45496513139;SWITCH SUPER MARIO GALAXY 1+2;1;;;;;
4242005473991;SECADORA BOSCH WTR85V00ES 8 BO;1;;;;;
8434778012897;ENCIM. TEKA IZC63015BK TEKA;1;;;;;
8806097804819;LVD. SAMSUNG WW10FG6U3 SAMSUNG;1;;;;;
8018417327483;CABLE CAR/DAT SBS LIGHTNING 2M;1;;;;;
711719021247;CONSOLA SONY PS5 STAND SONY;1;;;;;
5901292525934;"TV TCL 55"" 55P7K UHD Q TCL";1;;;;;
8429113408220;EXPRIM. MAGEFESA VITAM MAGEFES;1;;;;;
4711387381380;"MONITOR ASUS 24"" VZ24E ASUS";1;;;;;
7333394066295;ASP. ESCOBA AEG AP31CB21TG;1;;;;;
5055060905753;PS5 RESIDENT EVIL 2 REMAKE;1;;;;;
6935364085445;SWITCH TP LINK LS105G 5 PUERTOS;1;;;;;
8410171218104;RADIO RELOJ ELCO PD-218;1;;;;;
8414234489371;ASPI. ESCOBA TAURUS HOMELAND UL;1;;;;;
5055060906019;PS5 RESIDENT EVIL 7 GOLD EDITIO;1;;;;;
8436046483651;BOLSA ASPIRADOR FERSAY  F-670;1;;;;;
8414234489456;ESCOBA HOMELA ULTIMA WASH TAURU;1;;;;;
4550556136433;FRIGORIFIC0 SHARP SJFTB01ITXWEE;1;;;;;
4549292032871;CARTUCHO CANON 571XL MAGENTA;1;;;;;
4549292032857;CARTUCHO CANON 571XL AZUL;1;;;;;
5038061139921;SECADOR REMINGTON D4740 2200W K;1;;;;;
8422160047763;CAFET. GOTEO UFESA CAPRICCIO 12;1;;;;;
8434778033397;ENCIMERA IBF63210SSMBK TEKA;1;;;;;
8806095219905;AURICULARES SAMSUNG BUDS FE WHI;1;;;;;
889698514842;FUNKO POP REY W/ LIGHT SABERS;1;;;;;
8431305029618;AURICULAR GAMING BLACKFIRE NSX;1;;;;;
8436589071124;VENTILADOR TECHO LED PRUGA 4052;1;;;;;
8886419332381;RATON RAZER DEATHADDER 6500DPI;1;;;;;
45496512194;SWITCH LUIGIS MANSION 2 HD;1;;;;;
8435484095617;BEBEDERO PUMBA 2200 REFR CECOTE;1;;;;;
4012386026273;CABLE HDMI FERSAY DE 2M;1;;;;;
5706751026324;TOCADISCOS DENVER VPL-120 ROJO;1;;;;;
889698643221;FUNKO POP GINGERBREAD SUPERMAN;1;;;;;
889698585996;FUNKO POP  THE WATCHER EXC;1;;;;;
889698423939;FUNKO POP & TEE KYLO REN S;1;;;;;
889698423960;FUNKO POP & TEE KYLO REN XL;1;;;;;
889698506489;FUNKO POP & TEE SUPERMAN XL;1;;;;;
889698397681;FUNKO POP & TEE SUPERMAN JL S;1;;;;;
8400250024924;IBERJET - HP 301 XLBLACK;1;;;;;
3700992508573;Maletin ordenador  14  a 16  MA;1;;;;;
3567045017709;Maletin ordenador  14  a 16  AZ;1;;;;;
3700992507125;Maletin ordenador  14  a 16  CA;1;;;;;
8400250054822;IBERJET - HP 56 BLACK;1;;;;;
8400250054839;IBERJET - HP 57 COLOR;1;;;;;
889894860750;HP 304 BLACK;1;;;;;
9400005782603;AMAZON RECARGA 5 EUROS;1;;;;;
45496424169;SWITCH RING FIT ADVENTURE;1;;;;;
4009835160640;ALBUM FOTOS 10X15 32 PURE MOMEN;1;;;;;
9400005783938;MS XBOX GC XBOX LIVE PIN DE 25;1;;;;;
45496452681;NINTENDO SWITCH-LITE AMARILLO;1;;;;;
5026555424295;PS4 GRAND THEFT AUTO V PREMIUM ;1;;;;;
889698202145;FUNKO POP TOM LANDRY;1;;;;;
45496431303;JOY-CON SET IZQ/DCHA AZUL/AMARI;1;;;;;
45496425289;SWITCH LUIGIS MANSION 3;1;;;;;
889698407168;FUNKO POP 1ST APP BEAST;1;;;;;
4047443532343;AUR. HAMA FREEDOM LIGHT II AZUL;1;;;;;
4047443532367;AUR. HAMA FREEDOM LIGHT II VERD;1;;;;;
4047443532374;AUR. HAMA FREEDOM LIGHT II NARA;1;;;;;
889698853323;FUNKO POP DEMON SLAYER KIMETSU;1;;;;;
4894461993775;TABLET TCL TAB11 GEN2 9465X TC;1;;;;;
8414234001177;SECADOR TAURUS STUDIO GLOW 1500;1;;;;;
5706751045301;ESTACION METEO DENVER WS-530 BK;1;;;;;
8436622430062;TERMO FAGOR M30 N2 30I;1;;;;;
8436622430222;TERMO FAGOR F MINI 30 S;1;;;;;
3391891987370;PS4 DARK SOULS III;1;;;;;
5026555423090;PS4 RED DEAD REDEMPTION II;1;;;;;
5055060952542;PS5 DEVIL MAY CRY 5 SPECIAL ED;1;;;;;
5021290090262;PS4 NIER REPLICANT;1;;;;;
9120096773730;POLAROID NOW GEN.2 BLANCA/AZUL;1;;;;;
8425490139412;SANDWICHERA SAN-SS-1880 SOGO;1;;;;;
8806096618202;FRICOM. LG GBBSJ2CCPY 203x60 IN;1;;;;;
8425490017222;MOLINILLO PICADORA SS-5230 SOGO;1;;;;;
6941812720974;COMPRESOR XIAOMI AIR 2;1;;;;;
5901292527044;TELEVISION TCL 55P61K;1;;;;;
5056635611680;PS5 MINECRAFT;1;;;;;
889698807791;FUNKO POP VAN DAMME;1;;;;;
6941812704325;CAMARA XIAOMI AW300 2K EXTERIOR;1;;;;;
8427155012528;MINI CADENA NEVIR NVR-716MCDUB;1;;;;;
8806084183415;LAVADORA LG F4WR9009A2W;1;;;;;
8410171070122;ALTAVOCES ELCO PA-70;1;;;;;
8410071234013;RELOJ INFANTIL ELCO EA-75;1;;;;;
8422521027366;SOPORTE  FONESTAR MOV-344EN;1;;;;;
8806096198261;ASPI. TRINEO LG VC5506NHTCR 650;1;;;;;
8433766160640;BATIDSOLAC BA56718 PRO CHEF1500;1;;;;;
10942216223;CAFET. KRUPS XN1001 ;1;;;;;
8414234739902;FREIDORA AIRE AERO CRISP TAURUS;1;;;;;
4020628577667;CONSOLA RE. GAMES THE SPECTRUM;1;;;;;
3303170118788;TECLADO TNB RECARGABLE QWERTY;1;;;;;
889698819411;FUNKO POP BENDER;1;;;;;
4549526379215;RELOJ CASIO MUJER LQ-24B-4BEF;1;;;;;
4549526379253;RELOJ CASIO MUJER LQ-24B-7BEF;1;;;;;
6941812791547;REDMI WATCH 5 ACTIVE MAT.SILVER;1;;;;;
889698796781;FUNKO POP NBA MICHAEL JORDAN;1;;;;;
8436585382910;FREIDORA AIRE TMPFR295 9 LITROS;1;;;;;
3303170082188;ADAP. HDMI TO PORT. TYPE C TNB;1;;;;;
3303170118030;ALF + RAT TNB EXCLUSIV' TRAVEL;1;;;;;
3303170116050;RATON TNB BRIDGE ;1;;;;;
3221614006395;ASPI. TRINEO ROWENTA RO2932EA S;1;;;;;
8422521010542;ALTAVOZ FONESTAR PARTY-DUO;1;;;;;
889698844628;FUNKO POP MARS ATTACKS MARTIAN;1;;;;;
4047443490940;AUR. DEPORTIVO HAMA SPIRIT NEGR;1;;;;;
4047443436740;HAMA DOCKING STATION 7 PUERTOS;1;;;;;
4711474100023;TABLET ACER ICONIA TAB P11 8/25;1;;;;;
7333394107226;HORNO GU5PB43FSM 72L G AEG;1;;;;;
3303170117569;AURICULAR TNB TONALY AZUL;1;;;;;
45496313661;SWITCH2 MARIO TENNIS FEVER;1;;;;;
45496313289;SWITCH2 HADES II;1;;;;;
8806097238249;"TV SAMSUNG 27"" TU27F6005F FHD S";1;;;;;
196388607815;PS5 CALL OF DUTY BLACK OPS 7;1;;;;;
9400007614605;PC GAMING STANDARD RENEW;1;;;;;
9400007615695;GOMA HORNO ELECTROLUX;1;;;;;
8421078038924;GRILL JATA JEGR1596;1;;;;;
9400007614865;PC OFFICE & STUDENT RENEW;1;;;;;
8436609913441;TABLET SPC GRAVITY 6 4/128 NEGR;1;;;;;
45496513580;SWITCH TOMODACHI LIFE;1;;;;;
45496313760;SWITCH2 ANIMAL CROSSING NEW ;1;;;;;
8700216247948;DEPILADORA BRAUN PL5358 IPL ;1;;;;;
6944762701840;TELEFONO QUBO ST-002 4G;1;;;;;
8436618551740;EXPRIMIDOR ORYX EEL1264A 40W;1;;;;;
3016661177392;CAFET. KRUPS EA912910 SUPERAUT.;1;;;;;
840023292248;SMARTPHONE MOTOROLA G56 5G GRAY;1;;;;;
840023292316;SMARTPHONE MOTOROLA G56 5G BLAC;1;;;;;
8806099035211;SMARTPHONE SAMSUNG A37 5G GRAY;1;;;;;
8806099035303;SMARTPHONE SAMSUNG A37 5G VIOLE;1;;;;;
8806099035235;SMARTPHONE SAMSUNG A37 5G WHITE;1;;;;;
8806099035396;SMARTPHONE SAMSUNG A37 5G GREEN;1;;;;;
711719023036;MANDO PS5 DUALSENSE V3 PINK;1;;;;;
3760265540754;CAMARA AGFA CAMARA DC5200 PLATA;1;;;;;
8436609913939;ALTAVOZ SPC ORBITAL STORM;1;;;;;
6972576182487;SMARTWATCH HIFUTURE EDGE PINK;1;;;;;
6941764486256;SMARTPHONEREALME C100 5G PURPLE;1;;;;;
8434778033380;ENCIMERA TEKA IBC63110SSM IND;1;;;;;
Analyse des articles en stock - Abaco 3;TORIODIS;mvierna;;;;;
